클러스터 ID,이메일 본문,제목
0,VIP 고객님을 위한 특별 할인! 이번 달 한정으로 최대 5% 할인 혜택을 제공합니다.,VIP 고객님을 위한 특별 할인 혜택 안내
0,"VIP 고객 전용, 한정 수량 특별 할인 이벤트! 선착순 마감 예정입니다.",VIP 고객님을 위한 특별 할인 혜택 안내
0,"고급 차량 구매 고객 대상, 한정 프로모션 진행 중! 지금 확인하세요.",VIP 고객님을 위한 특별 할인 혜택 안내
0,"VIP 고객 전용, 한정 수량 특별 할인 이벤트! 선착순 마감 예정입니다.",VIP 고객님을 위한 특별 할인 혜택 안내
0,"고급 차량 구매 고객 대상, 한정 프로모션 진행 중! 지금 확인하세요.",VIP 고객님을 위한 특별 할인 혜택 안내
0,VIP 고객님을 위한 특별 할인! 이번 달 한정으로 최대 5% 할인 혜택을 제공합니다.,고급 차량 구매 고객을 위한 한정 프로모션
0,"VIP 고객 전용, 한정 수량 특별 할인 이벤트! 선착순 마감 예정입니다.",VIP 고객님을 위한 특별 할인 혜택 안내
0,프리미엄 세단을 더욱 합리적인 가격에! 이번 기회를 놓치지 마세요.,VIP 고객님을 위한 특별 할인 혜택 안내
0,VIP 고객님을 위한 특별 할인! 이번 달 한정으로 최대 5% 할인 혜택을 제공합니다.,VIP 전용 럭셔리 차량 특별 이벤트
0,프리미엄 세단을 더욱 합리적인 가격에! 이번 기회를 놓치지 마세요.,고급 차량 구매 고객을 위한 한정 프로모션
0,VIP 고객님을 위한 특별 할인! 이번 달 한정으로 최대 5% 할인 혜택을 제공합니다.,VIP 고객님을 위한 특별 할인 혜택 안내
0,"VIP 고객 전용, 한정 수량 특별 할인 이벤트! 선착순 마감 예정입니다.",고급 차량 구매 고객을 위한 한정 프로모션
0,"고급 차량 구매 고객 대상, 한정 프로모션 진행 중! 지금 확인하세요.",고급 차량 구매 고객을 위한 한정 프로모션
0,럭셔리 차량 구매 시 추가 사은품 증정! 지금 혜택을 확인하세요.,VIP 전용 럭셔리 차량 특별 이벤트
0,럭셔리 차량 구매 시 추가 사은품 증정! 지금 혜택을 확인하세요.,VIP 고객님을 위한 특별 할인 혜택 안내
0,럭셔리 차량 구매 시 추가 사은품 증정! 지금 혜택을 확인하세요.,VIP 고객님을 위한 특별 할인 혜택 안내
0,럭셔리 차량 구매 시 추가 사은품 증정! 지금 혜택을 확인하세요.,고급 차량 구매 고객을 위한 한정 프로모션
0,프리미엄 세단을 더욱 합리적인 가격에! 이번 기회를 놓치지 마세요.,VIP 전용 럭셔리 차량 특별 이벤트
0,"VIP 고객 전용, 한정 수량 특별 할인 이벤트! 선착순 마감 예정입니다.",VIP 전용 럭셔리 차량 특별 이벤트
0,럭셔리 차량 구매 시 추가 사은품 증정! 지금 혜택을 확인하세요.,VIP 고객님을 위한 특별 할인 혜택 안내
0,"고급 차량 구매 고객 대상, 한정 프로모션 진행 중! 지금 확인하세요.",고급 차량 구매 고객을 위한 한정 프로모션
0,"고급 차량 구매 고객 대상, 한정 프로모션 진행 중! 지금 확인하세요.",VIP 고객님을 위한 특별 할인 혜택 안내
0,프리미엄 세단을 더욱 합리적인 가격에! 이번 기회를 놓치지 마세요.,VIP 고객님을 위한 특별 할인 혜택 안내
0,VIP 고객님을 위한 특별 할인! 이번 달 한정으로 최대 5% 할인 혜택을 제공합니다.,VIP 고객님을 위한 특별 할인 혜택 안내
0,VIP 고객님을 위한 특별 할인! 이번 달 한정으로 최대 5% 할인 혜택을 제공합니다.,고급 차량 구매 고객을 위한 한정 프로모션
0,"VIP 고객 전용, 한정 수량 특별 할인 이벤트! 선착순 마감 예정입니다.",VIP 고객님을 위한 특별 할인 혜택 안내
0,럭셔리 차량 구매 시 추가 사은품 증정! 지금 혜택을 확인하세요.,VIP 고객님을 위한 특별 할인 혜택 안내
0,프리미엄 세단을 더욱 합리적인 가격에! 이번 기회를 놓치지 마세요.,VIP 고객님을 위한 특별 할인 혜택 안내
0,럭셔리 차량 구매 시 추가 사은품 증정! 지금 혜택을 확인하세요.,VIP 전용 럭셔리 차량 특별 이벤트
0,프리미엄 세단을 더욱 합리적인 가격에! 이번 기회를 놓치지 마세요.,고급 차량 구매 고객을 위한 한정 프로모션
0,"고급 차량 구매 고객 대상, 한정 프로모션 진행 중! 지금 확인하세요.",VIP 고객님을 위한 특별 할인 혜택 안내
0,"VIP 고객 전용, 한정 수량 특별 할인 이벤트! 선착순 마감 예정입니다.",VIP 고객님을 위한 특별 할인 혜택 안내
0,"VIP 고객 전용, 한정 수량 특별 할인 이벤트! 선착순 마감 예정입니다.",VIP 전용 럭셔리 차량 특별 이벤트
0,"고급 차량 구매 고객 대상, 한정 프로모션 진행 중! 지금 확인하세요.",VIP 고객님을 위한 특별 할인 혜택 안내
0,VIP 고객님을 위한 특별 할인! 이번 달 한정으로 최대 5% 할인 혜택을 제공합니다.,VIP 전용 럭셔리 차량 특별 이벤트
0,VIP 고객님을 위한 특별 할인! 이번 달 한정으로 최대 5% 할인 혜택을 제공합니다.,VIP 고객님을 위한 특별 할인 혜택 안내
0,"고급 차량 구매 고객 대상, 한정 프로모션 진행 중! 지금 확인하세요.",고급 차량 구매 고객을 위한 한정 프로모션
0,럭셔리 차량 구매 시 추가 사은품 증정! 지금 혜택을 확인하세요.,고급 차량 구매 고객을 위한 한정 프로모션
0,VIP 고객님을 위한 특별 할인! 이번 달 한정으로 최대 5% 할인 혜택을 제공합니다.,고급 차량 구매 고객을 위한 한정 프로모션
0,VIP 고객님을 위한 특별 할인! 이번 달 한정으로 최대 5% 할인 혜택을 제공합니다.,고급 차량 구매 고객을 위한 한정 프로모션
0,"VIP 고객 전용, 한정 수량 특별 할인 이벤트! 선착순 마감 예정입니다.",VIP 고객님을 위한 특별 할인 혜택 안내
0,프리미엄 세단을 더욱 합리적인 가격에! 이번 기회를 놓치지 마세요.,VIP 고객님을 위한 특별 할인 혜택 안내
0,프리미엄 세단을 더욱 합리적인 가격에! 이번 기회를 놓치지 마세요.,VIP 고객님을 위한 특별 할인 혜택 안내
0,"고급 차량 구매 고객 대상, 한정 프로모션 진행 중! 지금 확인하세요.",VIP 전용 럭셔리 차량 특별 이벤트
0,프리미엄 세단을 더욱 합리적인 가격에! 이번 기회를 놓치지 마세요.,고급 차량 구매 고객을 위한 한정 프로모션
0,"VIP 고객 전용, 한정 수량 특별 할인 이벤트! 선착순 마감 예정입니다.",VIP 고객님을 위한 특별 할인 혜택 안내
0,프리미엄 세단을 더욱 합리적인 가격에! 이번 기회를 놓치지 마세요.,VIP 전용 럭셔리 차량 특별 이벤트
0,럭셔리 차량 구매 시 추가 사은품 증정! 지금 혜택을 확인하세요.,VIP 고객님을 위한 특별 할인 혜택 안내
0,럭셔리 차량 구매 시 추가 사은품 증정! 지금 혜택을 확인하세요.,VIP 전용 럭셔리 차량 특별 이벤트
0,"고급 차량 구매 고객 대상, 한정 프로모션 진행 중! 지금 확인하세요.",VIP 전용 럭셔리 차량 특별 이벤트
1,고객님의 라이프스타일에 맞춘 맞춤형 구매 혜택을 확인하세요.,"VIP 고객님, 프리미엄 무이자 할부 혜택을 확인하세요"
1,"VIP 고객 대상, 한정 수량 특별 구매 혜택 제공! 지금 확인하세요.","VIP 고객님, 프리미엄 무이자 할부 혜택을 확인하세요"
1,"VIP 고객 한정, 3년 무이자 할부 및 추가 서비스 제공 이벤트 진행 중.",VIP 전용 보증 연장 및 특별 프로모션 안내
1,"이번 달 한정, 보증 연장 및 정기점검 서비스 무료 제공.","VIP 고객님, 프리미엄 무이자 할부 혜택을 확인하세요"
1,"VIP 고객 한정, 3년 무이자 할부 및 추가 서비스 제공 이벤트 진행 중.",프리미엄 차량 구매 시 한정 혜택 제공
1,"이번 달 한정, 보증 연장 및 정기점검 서비스 무료 제공.",프리미엄 차량 구매 시 한정 혜택 제공
1,"이번 달 한정, 보증 연장 및 정기점검 서비스 무료 제공.","VIP 고객님, 프리미엄 무이자 할부 혜택을 확인하세요"
1,"이번 달 한정, 보증 연장 및 정기점검 서비스 무료 제공.",VIP 전용 보증 연장 및 특별 프로모션 안내
1,"이번 달 한정, 보증 연장 및 정기점검 서비스 무료 제공.",VIP 전용 보증 연장 및 특별 프로모션 안내
1,프리미엄 차량을 부담 없이! 무이자 할부 혜택을 놓치지 마세요.,"VIP 고객님, 프리미엄 무이자 할부 혜택을 확인하세요"
1,고객님의 라이프스타일에 맞춘 맞춤형 구매 혜택을 확인하세요.,프리미엄 차량 구매 시 한정 혜택 제공
1,"VIP 고객 한정, 3년 무이자 할부 및 추가 서비스 제공 이벤트 진행 중.",프리미엄 차량 구매 시 한정 혜택 제공
1,프리미엄 차량을 부담 없이! 무이자 할부 혜택을 놓치지 마세요.,VIP 전용 보증 연장 및 특별 프로모션 안내
1,"이번 달 한정, 보증 연장 및 정기점검 서비스 무료 제공.",VIP 전용 보증 연장 및 특별 프로모션 안내
1,"VIP 고객 대상, 한정 수량 특별 구매 혜택 제공! 지금 확인하세요.","VIP 고객님, 프리미엄 무이자 할부 혜택을 확인하세요"
1,"VIP 고객 대상, 한정 수량 특별 구매 혜택 제공! 지금 확인하세요.","VIP 고객님, 프리미엄 무이자 할부 혜택을 확인하세요"
1,고객님의 라이프스타일에 맞춘 맞춤형 구매 혜택을 확인하세요.,"VIP 고객님, 프리미엄 무이자 할부 혜택을 확인하세요"
1,고객님의 라이프스타일에 맞춘 맞춤형 구매 혜택을 확인하세요.,"VIP 고객님, 프리미엄 무이자 할부 혜택을 확인하세요"
1,고객님의 라이프스타일에 맞춘 맞춤형 구매 혜택을 확인하세요.,VIP 전용 보증 연장 및 특별 프로모션 안내
1,프리미엄 차량을 부담 없이! 무이자 할부 혜택을 놓치지 마세요.,"VIP 고객님, 프리미엄 무이자 할부 혜택을 확인하세요"
1,"VIP 고객 한정, 3년 무이자 할부 및 추가 서비스 제공 이벤트 진행 중.",프리미엄 차량 구매 시 한정 혜택 제공
1,프리미엄 차량을 부담 없이! 무이자 할부 혜택을 놓치지 마세요.,VIP 전용 보증 연장 및 특별 프로모션 안내
1,"이번 달 한정, 보증 연장 및 정기점검 서비스 무료 제공.","VIP 고객님, 프리미엄 무이자 할부 혜택을 확인하세요"
1,"VIP 고객 한정, 3년 무이자 할부 및 추가 서비스 제공 이벤트 진행 중.",프리미엄 차량 구매 시 한정 혜택 제공
1,"VIP 고객 대상, 한정 수량 특별 구매 혜택 제공! 지금 확인하세요.","VIP 고객님, 프리미엄 무이자 할부 혜택을 확인하세요"
1,"이번 달 한정, 보증 연장 및 정기점검 서비스 무료 제공.",프리미엄 차량 구매 시 한정 혜택 제공
1,프리미엄 차량을 부담 없이! 무이자 할부 혜택을 놓치지 마세요.,프리미엄 차량 구매 시 한정 혜택 제공
1,"VIP 고객 대상, 한정 수량 특별 구매 혜택 제공! 지금 확인하세요.",VIP 전용 보증 연장 및 특별 프로모션 안내
1,"VIP 고객 한정, 3년 무이자 할부 및 추가 서비스 제공 이벤트 진행 중.","VIP 고객님, 프리미엄 무이자 할부 혜택을 확인하세요"
1,고객님의 라이프스타일에 맞춘 맞춤형 구매 혜택을 확인하세요.,프리미엄 차량 구매 시 한정 혜택 제공
1,"VIP 고객 대상, 한정 수량 특별 구매 혜택 제공! 지금 확인하세요.",VIP 전용 보증 연장 및 특별 프로모션 안내
1,고객님의 라이프스타일에 맞춘 맞춤형 구매 혜택을 확인하세요.,프리미엄 차량 구매 시 한정 혜택 제공
1,"VIP 고객 대상, 한정 수량 특별 구매 혜택 제공! 지금 확인하세요.","VIP 고객님, 프리미엄 무이자 할부 혜택을 확인하세요"
1,고객님의 라이프스타일에 맞춘 맞춤형 구매 혜택을 확인하세요.,VIP 전용 보증 연장 및 특별 프로모션 안내
1,"VIP 고객 한정, 3년 무이자 할부 및 추가 서비스 제공 이벤트 진행 중.","VIP 고객님, 프리미엄 무이자 할부 혜택을 확인하세요"
1,"VIP 고객 한정, 3년 무이자 할부 및 추가 서비스 제공 이벤트 진행 중.",VIP 전용 보증 연장 및 특별 프로모션 안내
1,프리미엄 차량을 부담 없이! 무이자 할부 혜택을 놓치지 마세요.,"VIP 고객님, 프리미엄 무이자 할부 혜택을 확인하세요"
1,프리미엄 차량을 부담 없이! 무이자 할부 혜택을 놓치지 마세요.,"VIP 고객님, 프리미엄 무이자 할부 혜택을 확인하세요"
1,"VIP 고객 대상, 한정 수량 특별 구매 혜택 제공! 지금 확인하세요.",VIP 전용 보증 연장 및 특별 프로모션 안내
1,"VIP 고객 대상, 한정 수량 특별 구매 혜택 제공! 지금 확인하세요.",프리미엄 차량 구매 시 한정 혜택 제공
1,"VIP 고객 대상, 한정 수량 특별 구매 혜택 제공! 지금 확인하세요.",프리미엄 차량 구매 시 한정 혜택 제공
1,"이번 달 한정, 보증 연장 및 정기점검 서비스 무료 제공.","VIP 고객님, 프리미엄 무이자 할부 혜택을 확인하세요"
1,고객님의 라이프스타일에 맞춘 맞춤형 구매 혜택을 확인하세요.,프리미엄 차량 구매 시 한정 혜택 제공
1,프리미엄 차량을 부담 없이! 무이자 할부 혜택을 놓치지 마세요.,VIP 전용 보증 연장 및 특별 프로모션 안내
1,"VIP 고객 한정, 3년 무이자 할부 및 추가 서비스 제공 이벤트 진행 중.","VIP 고객님, 프리미엄 무이자 할부 혜택을 확인하세요"
1,"이번 달 한정, 보증 연장 및 정기점검 서비스 무료 제공.",VIP 전용 보증 연장 및 특별 프로모션 안내
1,프리미엄 차량을 부담 없이! 무이자 할부 혜택을 놓치지 마세요.,VIP 전용 보증 연장 및 특별 프로모션 안내
1,프리미엄 차량을 부담 없이! 무이자 할부 혜택을 놓치지 마세요.,"VIP 고객님, 프리미엄 무이자 할부 혜택을 확인하세요"
1,고객님의 라이프스타일에 맞춘 맞춤형 구매 혜택을 확인하세요.,"VIP 고객님, 프리미엄 무이자 할부 혜택을 확인하세요"
1,"VIP 고객 한정, 3년 무이자 할부 및 추가 서비스 제공 이벤트 진행 중.",프리미엄 차량 구매 시 한정 혜택 제공
2,신뢰할 수 있는 품질과 합리적인 가격! 중형 차량 특별 혜택을 확인하세요.,중형 차량 구매 고객을 위한 맞춤 할인 프로모션
2,"중형 차량 구매 시, 추가 액세서리 패키지 무료 제공 이벤트!","실속 있는 중형 세단 구매 혜택, 지금 확인하세요"
2,"중형 차량 구매 시, 추가 액세서리 패키지 무료 제공 이벤트!",중형 차량 구매 고객을 위한 맞춤 할인 프로모션
2,이번 기회에 중형 세단을 더욱 경제적으로 구매하세요.,중형 모델 출시 기념 특별 혜택 안내
2,이번 기회에 중형 세단을 더욱 경제적으로 구매하세요.,중형 모델 출시 기념 특별 혜택 안내
2,이번 기회에 중형 세단을 더욱 경제적으로 구매하세요.,중형 모델 출시 기념 특별 혜택 안내
2,"실용적인 중형 세단, 이번 주 한정 특별 할인 혜택을 제공합니다.",중형 차량 구매 고객을 위한 맞춤 할인 프로모션
2,"중형 차량 구매 시, 추가 액세서리 패키지 무료 제공 이벤트!",중형 모델 출시 기념 특별 혜택 안내
2,이번 기회에 중형 세단을 더욱 경제적으로 구매하세요.,중형 모델 출시 기념 특별 혜택 안내
2,"실용적인 중형 세단, 이번 주 한정 특별 할인 혜택을 제공합니다.",중형 모델 출시 기념 특별 혜택 안내
2,"실용적인 중형 세단, 이번 주 한정 특별 할인 혜택을 제공합니다.",중형 차량 구매 고객을 위한 맞춤 할인 프로모션
2,"실용적인 중형 세단, 이번 주 한정 특별 할인 혜택을 제공합니다.","실속 있는 중형 세단 구매 혜택, 지금 확인하세요"
2,신뢰할 수 있는 품질과 합리적인 가격! 중형 차량 특별 혜택을 확인하세요.,"실속 있는 중형 세단 구매 혜택, 지금 확인하세요"
2,"중형 차량 구매 시, 추가 액세서리 패키지 무료 제공 이벤트!",중형 차량 구매 고객을 위한 맞춤 할인 프로모션
2,중형 차량 구매 고객을 위한 실속형 할인 프로모션! 한정 수량 진행 중.,중형 모델 출시 기념 특별 혜택 안내
2,이번 기회에 중형 세단을 더욱 경제적으로 구매하세요.,중형 모델 출시 기념 특별 혜택 안내
2,이번 기회에 중형 세단을 더욱 경제적으로 구매하세요.,중형 모델 출시 기념 특별 혜택 안내
2,신뢰할 수 있는 품질과 합리적인 가격! 중형 차량 특별 혜택을 확인하세요.,중형 차량 구매 고객을 위한 맞춤 할인 프로모션
2,이번 기회에 중형 세단을 더욱 경제적으로 구매하세요.,"실속 있는 중형 세단 구매 혜택, 지금 확인하세요"
2,"실용적인 중형 세단, 이번 주 한정 특별 할인 혜택을 제공합니다.",중형 모델 출시 기념 특별 혜택 안내
2,중형 차량 구매 고객을 위한 실속형 할인 프로모션! 한정 수량 진행 중.,중형 모델 출시 기념 특별 혜택 안내
2,이번 기회에 중형 세단을 더욱 경제적으로 구매하세요.,"실속 있는 중형 세단 구매 혜택, 지금 확인하세요"
2,이번 기회에 중형 세단을 더욱 경제적으로 구매하세요.,"실속 있는 중형 세단 구매 혜택, 지금 확인하세요"
2,중형 차량 구매 고객을 위한 실속형 할인 프로모션! 한정 수량 진행 중.,중형 모델 출시 기념 특별 혜택 안내
2,신뢰할 수 있는 품질과 합리적인 가격! 중형 차량 특별 혜택을 확인하세요.,중형 차량 구매 고객을 위한 맞춤 할인 프로모션
2,신뢰할 수 있는 품질과 합리적인 가격! 중형 차량 특별 혜택을 확인하세요.,중형 차량 구매 고객을 위한 맞춤 할인 프로모션
2,중형 차량 구매 고객을 위한 실속형 할인 프로모션! 한정 수량 진행 중.,"실속 있는 중형 세단 구매 혜택, 지금 확인하세요"
2,이번 기회에 중형 세단을 더욱 경제적으로 구매하세요.,중형 모델 출시 기념 특별 혜택 안내
2,신뢰할 수 있는 품질과 합리적인 가격! 중형 차량 특별 혜택을 확인하세요.,중형 모델 출시 기념 특별 혜택 안내
2,"실용적인 중형 세단, 이번 주 한정 특별 할인 혜택을 제공합니다.",중형 모델 출시 기념 특별 혜택 안내
2,중형 차량 구매 고객을 위한 실속형 할인 프로모션! 한정 수량 진행 중.,"실속 있는 중형 세단 구매 혜택, 지금 확인하세요"
2,신뢰할 수 있는 품질과 합리적인 가격! 중형 차량 특별 혜택을 확인하세요.,중형 모델 출시 기념 특별 혜택 안내
2,중형 차량 구매 고객을 위한 실속형 할인 프로모션! 한정 수량 진행 중.,중형 모델 출시 기념 특별 혜택 안내
2,"실용적인 중형 세단, 이번 주 한정 특별 할인 혜택을 제공합니다.","실속 있는 중형 세단 구매 혜택, 지금 확인하세요"
2,"중형 차량 구매 시, 추가 액세서리 패키지 무료 제공 이벤트!",중형 모델 출시 기념 특별 혜택 안내
2,"중형 차량 구매 시, 추가 액세서리 패키지 무료 제공 이벤트!",중형 모델 출시 기념 특별 혜택 안내
2,"중형 차량 구매 시, 추가 액세서리 패키지 무료 제공 이벤트!",중형 차량 구매 고객을 위한 맞춤 할인 프로모션
2,신뢰할 수 있는 품질과 합리적인 가격! 중형 차량 특별 혜택을 확인하세요.,중형 모델 출시 기념 특별 혜택 안내
2,"실용적인 중형 세단, 이번 주 한정 특별 할인 혜택을 제공합니다.",중형 모델 출시 기념 특별 혜택 안내
2,"중형 차량 구매 시, 추가 액세서리 패키지 무료 제공 이벤트!","실속 있는 중형 세단 구매 혜택, 지금 확인하세요"
2,신뢰할 수 있는 품질과 합리적인 가격! 중형 차량 특별 혜택을 확인하세요.,"실속 있는 중형 세단 구매 혜택, 지금 확인하세요"
2,"실용적인 중형 세단, 이번 주 한정 특별 할인 혜택을 제공합니다.",중형 모델 출시 기념 특별 혜택 안내
2,신뢰할 수 있는 품질과 합리적인 가격! 중형 차량 특별 혜택을 확인하세요.,중형 모델 출시 기념 특별 혜택 안내
2,"실용적인 중형 세단, 이번 주 한정 특별 할인 혜택을 제공합니다.",중형 모델 출시 기념 특별 혜택 안내
2,중형 차량 구매 고객을 위한 실속형 할인 프로모션! 한정 수량 진행 중.,"실속 있는 중형 세단 구매 혜택, 지금 확인하세요"
2,중형 차량 구매 고객을 위한 실속형 할인 프로모션! 한정 수량 진행 중.,중형 차량 구매 고객을 위한 맞춤 할인 프로모션
2,중형 차량 구매 고객을 위한 실속형 할인 프로모션! 한정 수량 진행 중.,"실속 있는 중형 세단 구매 혜택, 지금 확인하세요"
2,중형 차량 구매 고객을 위한 실속형 할인 프로모션! 한정 수량 진행 중.,중형 모델 출시 기념 특별 혜택 안내
2,"중형 차량 구매 시, 추가 액세서리 패키지 무료 제공 이벤트!",중형 모델 출시 기념 특별 혜택 안내
2,"중형 차량 구매 시, 추가 액세서리 패키지 무료 제공 이벤트!","실속 있는 중형 세단 구매 혜택, 지금 확인하세요"
3,첫 구매를 고민 중이라면? 특별 할인과 추가 혜택을 확인하세요.,"신규 고객 한정, 첫 차량 구매 특별 캐시백 혜택"
3,처음 구매하시는 고객님을 위한 특별 웰컴 프로모션 진행 중!,첫 구매 고객을 위한 특별 웰컴 프로모션
3,처음 구매하시는 고객님을 위한 특별 웰컴 프로모션 진행 중!,신규 가입 고객을 위한 맞춤형 혜택 안내
3,"신규 고객 대상, 보증 연장 및 정기점검 서비스 무료 제공.",신규 가입 고객을 위한 맞춤형 혜택 안내
3,첫 구매 고객을 위한 맞춤형 혜택 제공! 지금 바로 확인하세요.,첫 구매 고객을 위한 특별 웰컴 프로모션
3,첫 구매 고객을 위한 맞춤형 혜택 제공! 지금 바로 확인하세요.,첫 구매 고객을 위한 특별 웰컴 프로모션
3,첫 구매를 고민 중이라면? 특별 할인과 추가 혜택을 확인하세요.,첫 구매 고객을 위한 특별 웰컴 프로모션
3,첫 구매를 고민 중이라면? 특별 할인과 추가 혜택을 확인하세요.,신규 가입 고객을 위한 맞춤형 혜택 안내
3,"신규 고객 대상, 보증 연장 및 정기점검 서비스 무료 제공.",신규 가입 고객을 위한 맞춤형 혜택 안내
3,"신규 고객 대상, 보증 연장 및 정기점검 서비스 무료 제공.",첫 구매 고객을 위한 특별 웰컴 프로모션
3,"신규 고객 한정, 첫 차량 구매 시 특별 캐시백 혜택을 제공합니다.",첫 구매 고객을 위한 특별 웰컴 프로모션
3,"신규 고객 한정, 첫 차량 구매 시 특별 캐시백 혜택을 제공합니다.",신규 가입 고객을 위한 맞춤형 혜택 안내
3,첫 구매 고객을 위한 맞춤형 혜택 제공! 지금 바로 확인하세요.,첫 구매 고객을 위한 특별 웰컴 프로모션
3,첫 구매를 고민 중이라면? 특별 할인과 추가 혜택을 확인하세요.,신규 가입 고객을 위한 맞춤형 혜택 안내
3,처음 구매하시는 고객님을 위한 특별 웰컴 프로모션 진행 중!,신규 가입 고객을 위한 맞춤형 혜택 안내
3,처음 구매하시는 고객님을 위한 특별 웰컴 프로모션 진행 중!,"신규 고객 한정, 첫 차량 구매 특별 캐시백 혜택"
3,"신규 고객 한정, 첫 차량 구매 시 특별 캐시백 혜택을 제공합니다.","신규 고객 한정, 첫 차량 구매 특별 캐시백 혜택"
3,처음 구매하시는 고객님을 위한 특별 웰컴 프로모션 진행 중!,첫 구매 고객을 위한 특별 웰컴 프로모션
3,"신규 고객 대상, 보증 연장 및 정기점검 서비스 무료 제공.",신규 가입 고객을 위한 맞춤형 혜택 안내
3,"신규 고객 한정, 첫 차량 구매 시 특별 캐시백 혜택을 제공합니다.","신규 고객 한정, 첫 차량 구매 특별 캐시백 혜택"
3,"신규 고객 한정, 첫 차량 구매 시 특별 캐시백 혜택을 제공합니다.",첫 구매 고객을 위한 특별 웰컴 프로모션
3,첫 구매 고객을 위한 맞춤형 혜택 제공! 지금 바로 확인하세요.,"신규 고객 한정, 첫 차량 구매 특별 캐시백 혜택"
3,첫 구매 고객을 위한 맞춤형 혜택 제공! 지금 바로 확인하세요.,첫 구매 고객을 위한 특별 웰컴 프로모션
3,"신규 고객 대상, 보증 연장 및 정기점검 서비스 무료 제공.","신규 고객 한정, 첫 차량 구매 특별 캐시백 혜택"
3,첫 구매 고객을 위한 맞춤형 혜택 제공! 지금 바로 확인하세요.,신규 가입 고객을 위한 맞춤형 혜택 안내
3,처음 구매하시는 고객님을 위한 특별 웰컴 프로모션 진행 중!,"신규 고객 한정, 첫 차량 구매 특별 캐시백 혜택"
3,"신규 고객 대상, 보증 연장 및 정기점검 서비스 무료 제공.",신규 가입 고객을 위한 맞춤형 혜택 안내
3,첫 구매를 고민 중이라면? 특별 할인과 추가 혜택을 확인하세요.,신규 가입 고객을 위한 맞춤형 혜택 안내
3,"신규 고객 한정, 첫 차량 구매 시 특별 캐시백 혜택을 제공합니다.",첫 구매 고객을 위한 특별 웰컴 프로모션
3,처음 구매하시는 고객님을 위한 특별 웰컴 프로모션 진행 중!,"신규 고객 한정, 첫 차량 구매 특별 캐시백 혜택"
3,"신규 고객 한정, 첫 차량 구매 시 특별 캐시백 혜택을 제공합니다.",신규 가입 고객을 위한 맞춤형 혜택 안내
3,첫 구매를 고민 중이라면? 특별 할인과 추가 혜택을 확인하세요.,신규 가입 고객을 위한 맞춤형 혜택 안내
3,처음 구매하시는 고객님을 위한 특별 웰컴 프로모션 진행 중!,"신규 고객 한정, 첫 차량 구매 특별 캐시백 혜택"
3,첫 구매 고객을 위한 맞춤형 혜택 제공! 지금 바로 확인하세요.,신규 가입 고객을 위한 맞춤형 혜택 안내
3,첫 구매를 고민 중이라면? 특별 할인과 추가 혜택을 확인하세요.,"신규 고객 한정, 첫 차량 구매 특별 캐시백 혜택"
3,"신규 고객 대상, 보증 연장 및 정기점검 서비스 무료 제공.","신규 고객 한정, 첫 차량 구매 특별 캐시백 혜택"
3,첫 구매 고객을 위한 맞춤형 혜택 제공! 지금 바로 확인하세요.,첫 구매 고객을 위한 특별 웰컴 프로모션
3,첫 구매를 고민 중이라면? 특별 할인과 추가 혜택을 확인하세요.,신규 가입 고객을 위한 맞춤형 혜택 안내
3,첫 구매를 고민 중이라면? 특별 할인과 추가 혜택을 확인하세요.,첫 구매 고객을 위한 특별 웰컴 프로모션
3,첫 구매 고객을 위한 맞춤형 혜택 제공! 지금 바로 확인하세요.,"신규 고객 한정, 첫 차량 구매 특별 캐시백 혜택"
3,"신규 고객 대상, 보증 연장 및 정기점검 서비스 무료 제공.",첫 구매 고객을 위한 특별 웰컴 프로모션
3,"신규 고객 한정, 첫 차량 구매 시 특별 캐시백 혜택을 제공합니다.",첫 구매 고객을 위한 특별 웰컴 프로모션
3,"신규 고객 대상, 보증 연장 및 정기점검 서비스 무료 제공.",신규 가입 고객을 위한 맞춤형 혜택 안내
3,첫 구매를 고민 중이라면? 특별 할인과 추가 혜택을 확인하세요.,첫 구매 고객을 위한 특별 웰컴 프로모션
3,"신규 고객 한정, 첫 차량 구매 시 특별 캐시백 혜택을 제공합니다.",신규 가입 고객을 위한 맞춤형 혜택 안내
3,처음 구매하시는 고객님을 위한 특별 웰컴 프로모션 진행 중!,"신규 고객 한정, 첫 차량 구매 특별 캐시백 혜택"
3,"신규 고객 한정, 첫 차량 구매 시 특별 캐시백 혜택을 제공합니다.",첫 구매 고객을 위한 특별 웰컴 프로모션
3,"신규 고객 대상, 보증 연장 및 정기점검 서비스 무료 제공.",신규 가입 고객을 위한 맞춤형 혜택 안내
3,첫 구매 고객을 위한 맞춤형 혜택 제공! 지금 바로 확인하세요.,첫 구매 고객을 위한 특별 웰컴 프로모션
3,처음 구매하시는 고객님을 위한 특별 웰컴 프로모션 진행 중!,첫 구매 고객을 위한 특별 웰컴 프로모션
4,고객님의 라이프스타일에 맞춘 최적의 차량을 지금 만나보세요.,일반 고객 대상 특별 추가 혜택 제공
4,"실속 있는 차량 구매를 원하신다면, 맞춤형 혜택을 확인하세요.",일반 고객 대상 특별 추가 혜택 제공
4,"실속 있는 차량 구매를 원하신다면, 맞춤형 혜택을 확인하세요.",일반 고객 대상 특별 추가 혜택 제공
4,일반 고객님께 드리는 한정 프로모션! 추가 할인 혜택을 놓치지 마세요.,프리미엄 옵션이 포함된 차량을 합리적인 가격에
4,고객님의 라이프스타일에 맞춘 최적의 차량을 지금 만나보세요.,일반 고객님을 위한 맞춤 프로모션 안내
4,안전 옵션 강화 프로모션! 차량 구매 시 프리미엄 썬팅 무료 제공.,프리미엄 옵션이 포함된 차량을 합리적인 가격에
4,일반 고객님께 드리는 한정 프로모션! 추가 할인 혜택을 놓치지 마세요.,일반 고객님을 위한 맞춤 프로모션 안내
4,일반 고객님을 위한 맞춤 혜택! 차량 구매 시 추가 옵션 무료 제공.,일반 고객님을 위한 맞춤 프로모션 안내
4,안전 옵션 강화 프로모션! 차량 구매 시 프리미엄 썬팅 무료 제공.,일반 고객 대상 특별 추가 혜택 제공
4,안전 옵션 강화 프로모션! 차량 구매 시 프리미엄 썬팅 무료 제공.,일반 고객님을 위한 맞춤 프로모션 안내
4,안전 옵션 강화 프로모션! 차량 구매 시 프리미엄 썬팅 무료 제공.,프리미엄 옵션이 포함된 차량을 합리적인 가격에
4,고객님의 라이프스타일에 맞춘 최적의 차량을 지금 만나보세요.,프리미엄 옵션이 포함된 차량을 합리적인 가격에
4,일반 고객님을 위한 맞춤 혜택! 차량 구매 시 추가 옵션 무료 제공.,일반 고객님을 위한 맞춤 프로모션 안내
4,고객님의 라이프스타일에 맞춘 최적의 차량을 지금 만나보세요.,일반 고객님을 위한 맞춤 프로모션 안내
4,고객님의 라이프스타일에 맞춘 최적의 차량을 지금 만나보세요.,일반 고객님을 위한 맞춤 프로모션 안내
4,안전 옵션 강화 프로모션! 차량 구매 시 프리미엄 썬팅 무료 제공.,일반 고객 대상 특별 추가 혜택 제공
4,고객님의 라이프스타일에 맞춘 최적의 차량을 지금 만나보세요.,프리미엄 옵션이 포함된 차량을 합리적인 가격에
4,일반 고객님을 위한 맞춤 혜택! 차량 구매 시 추가 옵션 무료 제공.,프리미엄 옵션이 포함된 차량을 합리적인 가격에
4,일반 고객님을 위한 맞춤 혜택! 차량 구매 시 추가 옵션 무료 제공.,일반 고객님을 위한 맞춤 프로모션 안내
4,"실속 있는 차량 구매를 원하신다면, 맞춤형 혜택을 확인하세요.",일반 고객님을 위한 맞춤 프로모션 안내
4,"실속 있는 차량 구매를 원하신다면, 맞춤형 혜택을 확인하세요.",일반 고객 대상 특별 추가 혜택 제공
4,일반 고객님께 드리는 한정 프로모션! 추가 할인 혜택을 놓치지 마세요.,프리미엄 옵션이 포함된 차량을 합리적인 가격에
4,일반 고객님을 위한 맞춤 혜택! 차량 구매 시 추가 옵션 무료 제공.,프리미엄 옵션이 포함된 차량을 합리적인 가격에
4,일반 고객님께 드리는 한정 프로모션! 추가 할인 혜택을 놓치지 마세요.,일반 고객 대상 특별 추가 혜택 제공
4,일반 고객님께 드리는 한정 프로모션! 추가 할인 혜택을 놓치지 마세요.,일반 고객 대상 특별 추가 혜택 제공
4,일반 고객님을 위한 맞춤 혜택! 차량 구매 시 추가 옵션 무료 제공.,일반 고객님을 위한 맞춤 프로모션 안내
4,일반 고객님을 위한 맞춤 혜택! 차량 구매 시 추가 옵션 무료 제공.,일반 고객 대상 특별 추가 혜택 제공
4,"실속 있는 차량 구매를 원하신다면, 맞춤형 혜택을 확인하세요.",프리미엄 옵션이 포함된 차량을 합리적인 가격에
4,안전 옵션 강화 프로모션! 차량 구매 시 프리미엄 썬팅 무료 제공.,일반 고객 대상 특별 추가 혜택 제공
4,고객님의 라이프스타일에 맞춘 최적의 차량을 지금 만나보세요.,일반 고객 대상 특별 추가 혜택 제공
4,"실속 있는 차량 구매를 원하신다면, 맞춤형 혜택을 확인하세요.",일반 고객 대상 특별 추가 혜택 제공
4,안전 옵션 강화 프로모션! 차량 구매 시 프리미엄 썬팅 무료 제공.,일반 고객 대상 특별 추가 혜택 제공
4,일반 고객님을 위한 맞춤 혜택! 차량 구매 시 추가 옵션 무료 제공.,일반 고객 대상 특별 추가 혜택 제공
4,일반 고객님께 드리는 한정 프로모션! 추가 할인 혜택을 놓치지 마세요.,일반 고객 대상 특별 추가 혜택 제공
4,고객님의 라이프스타일에 맞춘 최적의 차량을 지금 만나보세요.,프리미엄 옵션이 포함된 차량을 합리적인 가격에
4,"실속 있는 차량 구매를 원하신다면, 맞춤형 혜택을 확인하세요.",일반 고객 대상 특별 추가 혜택 제공
4,"실속 있는 차량 구매를 원하신다면, 맞춤형 혜택을 확인하세요.",일반 고객 대상 특별 추가 혜택 제공
4,고객님의 라이프스타일에 맞춘 최적의 차량을 지금 만나보세요.,프리미엄 옵션이 포함된 차량을 합리적인 가격에
4,안전 옵션 강화 프로모션! 차량 구매 시 프리미엄 썬팅 무료 제공.,일반 고객님을 위한 맞춤 프로모션 안내
4,고객님의 라이프스타일에 맞춘 최적의 차량을 지금 만나보세요.,프리미엄 옵션이 포함된 차량을 합리적인 가격에
4,"실속 있는 차량 구매를 원하신다면, 맞춤형 혜택을 확인하세요.",일반 고객님을 위한 맞춤 프로모션 안내
4,안전 옵션 강화 프로모션! 차량 구매 시 프리미엄 썬팅 무료 제공.,일반 고객 대상 특별 추가 혜택 제공
4,안전 옵션 강화 프로모션! 차량 구매 시 프리미엄 썬팅 무료 제공.,프리미엄 옵션이 포함된 차량을 합리적인 가격에
4,일반 고객님께 드리는 한정 프로모션! 추가 할인 혜택을 놓치지 마세요.,일반 고객님을 위한 맞춤 프로모션 안내
4,일반 고객님께 드리는 한정 프로모션! 추가 할인 혜택을 놓치지 마세요.,일반 고객 대상 특별 추가 혜택 제공
4,일반 고객님께 드리는 한정 프로모션! 추가 할인 혜택을 놓치지 마세요.,일반 고객님을 위한 맞춤 프로모션 안내
4,일반 고객님을 위한 맞춤 혜택! 차량 구매 시 추가 옵션 무료 제공.,일반 고객님을 위한 맞춤 프로모션 안내
4,일반 고객님께 드리는 한정 프로모션! 추가 할인 혜택을 놓치지 마세요.,프리미엄 옵션이 포함된 차량을 합리적인 가격에
4,"실속 있는 차량 구매를 원하신다면, 맞춤형 혜택을 확인하세요.",프리미엄 옵션이 포함된 차량을 합리적인 가격에
4,일반 고객님을 위한 맞춤 혜택! 차량 구매 시 추가 옵션 무료 제공.,일반 고객 대상 특별 추가 혜택 제공
5,"SUV 모델 구매 시, 프리미엄 패키지 무료 제공 이벤트 진행 중.",최신 대형 SUV 구매 고객을 위한 특별 금융 혜택
5,SUV 고객님을 위한 특별 프로모션! 한정 수량으로 제공됩니다.,대형 SUV 구매 시 추가 할인 및 서비스 혜택 안내
5,SUV 고객님을 위한 특별 프로모션! 한정 수량으로 제공됩니다.,최신 대형 SUV 구매 고객을 위한 특별 금융 혜택
5,넉넉한 공간과 강력한 성능! 대형 SUV를 합리적인 가격에 만나보세요.,대형 SUV 구매 시 추가 할인 및 서비스 혜택 안내
5,넉넉한 공간과 강력한 성능! 대형 SUV를 합리적인 가격에 만나보세요.,대형 SUV 구매 시 추가 할인 및 서비스 혜택 안내
5,SUV 고객님을 위한 특별 프로모션! 한정 수량으로 제공됩니다.,최신 대형 SUV 구매 고객을 위한 특별 금융 혜택
5,"대형 SUV 구매 시, 2% 추가 할인 및 정기점검 서비스 포함 혜택 제공.","SUV 고객님을 위한 특별 프로모션, 한정 제공"
5,"SUV 모델 구매 시, 프리미엄 패키지 무료 제공 이벤트 진행 중.",최신 대형 SUV 구매 고객을 위한 특별 금융 혜택
5,"대형 SUV 구매 시, 2% 추가 할인 및 정기점검 서비스 포함 혜택 제공.",최신 대형 SUV 구매 고객을 위한 특별 금융 혜택
5,"SUV 모델 구매 시, 프리미엄 패키지 무료 제공 이벤트 진행 중.",최신 대형 SUV 구매 고객을 위한 특별 금융 혜택
5,"SUV 모델 구매 시, 프리미엄 패키지 무료 제공 이벤트 진행 중.","SUV 고객님을 위한 특별 프로모션, 한정 제공"
5,SUV 고객님을 위한 특별 프로모션! 한정 수량으로 제공됩니다.,최신 대형 SUV 구매 고객을 위한 특별 금융 혜택
5,넉넉한 공간과 강력한 성능! 대형 SUV를 합리적인 가격에 만나보세요.,"SUV 고객님을 위한 특별 프로모션, 한정 제공"
5,SUV 고객님을 위한 특별 프로모션! 한정 수량으로 제공됩니다.,최신 대형 SUV 구매 고객을 위한 특별 금융 혜택
5,"SUV 모델 구매 시, 프리미엄 패키지 무료 제공 이벤트 진행 중.","SUV 고객님을 위한 특별 프로모션, 한정 제공"
5,"대형 SUV 구매 시, 2% 추가 할인 및 정기점검 서비스 포함 혜택 제공.",대형 SUV 구매 시 추가 할인 및 서비스 혜택 안내
5,최신 대형 SUV 구매 고객을 위한 특별 금융 혜택을 확인하세요.,"SUV 고객님을 위한 특별 프로모션, 한정 제공"
5,SUV 고객님을 위한 특별 프로모션! 한정 수량으로 제공됩니다.,최신 대형 SUV 구매 고객을 위한 특별 금융 혜택
5,"대형 SUV 구매 시, 2% 추가 할인 및 정기점검 서비스 포함 혜택 제공.",대형 SUV 구매 시 추가 할인 및 서비스 혜택 안내
5,"대형 SUV 구매 시, 2% 추가 할인 및 정기점검 서비스 포함 혜택 제공.",대형 SUV 구매 시 추가 할인 및 서비스 혜택 안내
5,넉넉한 공간과 강력한 성능! 대형 SUV를 합리적인 가격에 만나보세요.,"SUV 고객님을 위한 특별 프로모션, 한정 제공"
5,SUV 고객님을 위한 특별 프로모션! 한정 수량으로 제공됩니다.,대형 SUV 구매 시 추가 할인 및 서비스 혜택 안내
5,"SUV 모델 구매 시, 프리미엄 패키지 무료 제공 이벤트 진행 중.",최신 대형 SUV 구매 고객을 위한 특별 금융 혜택
5,"대형 SUV 구매 시, 2% 추가 할인 및 정기점검 서비스 포함 혜택 제공.",대형 SUV 구매 시 추가 할인 및 서비스 혜택 안내
5,넉넉한 공간과 강력한 성능! 대형 SUV를 합리적인 가격에 만나보세요.,최신 대형 SUV 구매 고객을 위한 특별 금융 혜택
5,"대형 SUV 구매 시, 2% 추가 할인 및 정기점검 서비스 포함 혜택 제공.",최신 대형 SUV 구매 고객을 위한 특별 금융 혜택
5,SUV 고객님을 위한 특별 프로모션! 한정 수량으로 제공됩니다.,대형 SUV 구매 시 추가 할인 및 서비스 혜택 안내
5,넉넉한 공간과 강력한 성능! 대형 SUV를 합리적인 가격에 만나보세요.,최신 대형 SUV 구매 고객을 위한 특별 금융 혜택
5,넉넉한 공간과 강력한 성능! 대형 SUV를 합리적인 가격에 만나보세요.,대형 SUV 구매 시 추가 할인 및 서비스 혜택 안내
5,최신 대형 SUV 구매 고객을 위한 특별 금융 혜택을 확인하세요.,"SUV 고객님을 위한 특별 프로모션, 한정 제공"
5,SUV 고객님을 위한 특별 프로모션! 한정 수량으로 제공됩니다.,대형 SUV 구매 시 추가 할인 및 서비스 혜택 안내
5,최신 대형 SUV 구매 고객을 위한 특별 금융 혜택을 확인하세요.,최신 대형 SUV 구매 고객을 위한 특별 금융 혜택
5,"SUV 모델 구매 시, 프리미엄 패키지 무료 제공 이벤트 진행 중.","SUV 고객님을 위한 특별 프로모션, 한정 제공"
5,최신 대형 SUV 구매 고객을 위한 특별 금융 혜택을 확인하세요.,최신 대형 SUV 구매 고객을 위한 특별 금융 혜택
5,SUV 고객님을 위한 특별 프로모션! 한정 수량으로 제공됩니다.,대형 SUV 구매 시 추가 할인 및 서비스 혜택 안내
5,"대형 SUV 구매 시, 2% 추가 할인 및 정기점검 서비스 포함 혜택 제공.","SUV 고객님을 위한 특별 프로모션, 한정 제공"
5,넉넉한 공간과 강력한 성능! 대형 SUV를 합리적인 가격에 만나보세요.,최신 대형 SUV 구매 고객을 위한 특별 금융 혜택
5,넉넉한 공간과 강력한 성능! 대형 SUV를 합리적인 가격에 만나보세요.,"SUV 고객님을 위한 특별 프로모션, 한정 제공"
5,"대형 SUV 구매 시, 2% 추가 할인 및 정기점검 서비스 포함 혜택 제공.",대형 SUV 구매 시 추가 할인 및 서비스 혜택 안내
5,"SUV 모델 구매 시, 프리미엄 패키지 무료 제공 이벤트 진행 중.","SUV 고객님을 위한 특별 프로모션, 한정 제공"
5,"SUV 모델 구매 시, 프리미엄 패키지 무료 제공 이벤트 진행 중.",대형 SUV 구매 시 추가 할인 및 서비스 혜택 안내
5,최신 대형 SUV 구매 고객을 위한 특별 금융 혜택을 확인하세요.,최신 대형 SUV 구매 고객을 위한 특별 금융 혜택
5,"대형 SUV 구매 시, 2% 추가 할인 및 정기점검 서비스 포함 혜택 제공.","SUV 고객님을 위한 특별 프로모션, 한정 제공"
5,최신 대형 SUV 구매 고객을 위한 특별 금융 혜택을 확인하세요.,대형 SUV 구매 시 추가 할인 및 서비스 혜택 안내
5,최신 대형 SUV 구매 고객을 위한 특별 금융 혜택을 확인하세요.,대형 SUV 구매 시 추가 할인 및 서비스 혜택 안내
5,최신 대형 SUV 구매 고객을 위한 특별 금융 혜택을 확인하세요.,최신 대형 SUV 구매 고객을 위한 특별 금융 혜택
5,넉넉한 공간과 강력한 성능! 대형 SUV를 합리적인 가격에 만나보세요.,최신 대형 SUV 구매 고객을 위한 특별 금융 혜택
5,최신 대형 SUV 구매 고객을 위한 특별 금융 혜택을 확인하세요.,"SUV 고객님을 위한 특별 프로모션, 한정 제공"
5,"SUV 모델 구매 시, 프리미엄 패키지 무료 제공 이벤트 진행 중.",최신 대형 SUV 구매 고객을 위한 특별 금융 혜택
5,최신 대형 SUV 구매 고객을 위한 특별 금융 혜택을 확인하세요.,대형 SUV 구매 시 추가 할인 및 서비스 혜택 안내
