이름 (Name),생년월일 (Date of Birth),연령,성별 (Gender),휴대폰번호 (Phone Number),이메일 (Email),주소 (Address),아이디 (User ID),가입일 (Registration Date),고객 세그먼트 (Customer Segment),차량구분(vehicle types),구매한 제품 (Purchased Product),제품 구매 날짜 (Purchase Date),거래 금액 (Transaction Amount),거래 방식 (Transaction Method),제품 구매 빈도 (Purchase Frequency),제품 구매 경로 (Purchase Path),제품 출시년월 (Launch Date),Cluster
강주온,2002-03-04,23,남,010-6502-8753,janisi@himedia.co.kr,인천광역시 남동구 구월동 88-10,14798,2023-04-01,일반,준중형 세단,Avante (CN7 N),2024-04-04,35170000,카드,1,오프라인,2020-05,2
김경수,1983-01-02,42,남,010-1111-2222,kimkyoungsoo31@himedia.co.kr,광주광역시 서구 치평동 14-7,kyoungsoo031,2025-02-09,vip,준대형 세단,G80 (RG3),2025-02-10,85790000,카드,5,오프라인,2020-03,0
김다은,1999-05-02,26,여,010-6789-0123,kimdaeun26@himedia.co.kr,부산광역시 해운대구 우동 101-12,daeun026,2025-02-28,신규,중형 suv,NEXO (FE),2025-03-10,69500000,현금,1,오프라인,2018-01,3
김민수,1960-07-01,65,남,010-1234-5678,kimminsu1@himedia.co.kr,전라남도 목포시 부주동 77-8,minsu001,2023-04-28,일반, 중형 suv,Santa-Fe ™,2023-05-01,34920000,현금,1,오프라인,2018-01,4
김승현,1970-03-02,55,남,010-0123-4567,kimseunghyun20@himedia.co.kr,경기도 수원시 영통구 원천동 12-34,seunghyun020,2023-09-18,이탈가능,중형 세단,G70 (IK),2023-10-01,50230000,카드,1,오프라인,2017-09,4
김영철,1959-08-03,66,남,010-6789-0123,kimyoungcheol6@himedia.co.kr,울산광역시 남구 달동 23-5,youngcheol006,2023-02-01,일반,중형 세단,G70 (IK),2023-02-01,50230000,카드,1,오프라인,2017-09,4
김윤희,1998-01-02,27,여,010-2345-6789,leesujin2@himedia.co.kr,경기도 수원시 영통구 원천동 12-34,sujin002,2023-07-11,일반,준중형 해치백,IONIQ (AE EV),2023-07-18,44400000,카드,1,온라인,2016-01,2
김재원,1976-01-06,49,남,010-1234-5678,kimjaewon40@himedia.co.kr,서울특별시 종로구 청운동 67-89,jaewon040,2025-12-01,신규,준중형 세단,Avante (CN7 HEV),2025-12-01,27830000,카드,1,오프라인,2020-07,2
김진수,1980-04-06,45,남,010-6789-9876,kimjinsu35@himedia.co.kr,인천광역시 남동구 구월동 88-10,jinsu035,2023-01-01,일반,준중형 해치백,IONIQ (AE EV),2023-01-03,44400000,카드,1,오프라인,2016-01,2
박민정,1977-08-05,48,여,010-8901-2345,parkminjeong8@himedia.co.kr,서울특별시 종로구 청운동 67-89,minjeong008,2024-04-01,신규, 중형 세단,IONIQ 6 (CE),2024-04-06,61820000,카드,1,오프라인,2022-06,4
박수연,1990-11-24,35,여,010-2345-5432,parksuyeon33@himedia.co.kr,경상남도 창원시 의창구 봉곡동 48-6,suyeon033,2024-11-08,vip,대형 세단,G90 (HI),2024-12-03,99670000,현금,5,오프라인,2022-03,0
박영희,1988-05-07,37,여,010-3456-7890,parkyeonghee3@himedia.co.kr,전라북도 전주시 완산구 덕진동 33-7,yeonghee003,2023-06-07,일반, 중형 suv,Santa-Fe (MX5 PHEV),2023-07-07,45980000,현금,2,오프라인,2022-06,2
박준석,1997-08-05,28,남,010-8901-2345,parkjoonseok28@himedia.co.kr,충청북도 청주시 상당구 낙실동 9-1,joonseok028,2024-12-12,일반,준중형 세단,Avante (CN7 N),2025-01-02,35170000,현금,1,오프라인,2020-05,2
박지수,1996-01-02,29,여,010-2345-6789,parkjisu22@himedia.co.kr,광주광역시 서구 치평동 14-7,jisu022,2024-01-13,일반, 중형 suv,Santa-Fe ™,2024-02-03,34920000,현금,2,오프라인,2018-01,2
박찬우,1980-02-04,45,남,010-8901-2345,parkchanwoo37@himedia.co.kr,경기도 성남시 분당구 정자동 56-78,chanwoo037,2023-06-28,일반,준중형 세단,Avante (CN7 N),2023-08-07,35170000,카드,3,오프라인,2020-05,2
이동훈,1985-01-07,40,남,010-5678-9012,leedonghoon15@himedia.co.kr,울산광역시 남구 달동 23-5,donghoon015,2024-04-18,일반,준대형 세단,Grandeur (GN7 HEV),2024-05-06,52410000,카드,1,오프라인,2022-01,2
이상미,1966-07-01,59,여,010-2345-6789,leesangmi41@himedia.co.kr,경상남도 창원시 의창구 봉곡동 48-6,sangmi041,2024-09-18,신규, 중형 suv,Santa-Fe ™,2024-10-03,34920000,카드,1,오프라인,2018-01,4
이상훈,1974-01-02,51,남,010-4567-8901,leesanghoon24@himedia.co.kr,서울특별시 종로구 청운동 67-89,sanghoon024,2024-01-13,일반,준중형 suv,Tucson (NX4 PHEV),2024-02-27,39500000,카드,1,오프라인,2021-05,2
이상희,1972-06-01,53,남,010-2345-6789,leeshanghee12@himedia.co.kr,경상북도 포항시 남구 대도동 19-2,shanghee012,2023-04-28,일반,준대형 세단,Grandeur (GN7 HEV),2023-05-07,52410000,카드,1,오프라인,2022-01,2
이은지,1988-03-06,37,남,010-7890-1234,leeunji27@himedia.co.kr,부산광역시 해운대구 우동 101-12,unji027,2024-08-11,일반,준대형 세단,Grandeur (GN7 HEV),2024-08-15,52410000,카드,1,오프라인,2022-01,2
이정민,1984-05-06,41,남,010-9012-3456,leejeongmin19@himedia.co.kr,경기도 성남시 분당구 정자동 56-78,jeongmin019,2024-01-07,일반,중형 세단,G70 (IK),2024-01-15,50230000,카드,1,오프라인,2017-09,2
이주호,1987-02-03,38,남,010-1234-4321,leejooho32@himedia.co.kr,서울특별시 종로구 청운동 67-89,jooho032,2024-10-19,vip,대형 세단,G90 (RS4),2024-12-16,134370000,카드,5,오프라인,2022-03,0
이하늘,1989-04-03,36,남,010-7890-1234,leehaneul36@himedia.co.kr,광주광역시 서구 치평동 14-7,haneul036,2024-09-22,일반, 중형 suv,Santa-Fe ™,2024-09-25,34920000,카드,3,오프라인,2018-01,2
이현주,1972-05-02,53,여,010-7890-4754,leeheonjoo7@himedia.co.kr,전라북도 전주시 완산구 덕진동 33-7,heonjoo007,2025-01-01,신규,준중형 해치백,IONIQ (AE EV),2025-01-11,44400000,카드,2,오프라인,2016-01,4
정미래,1971-06-04,54,여,010-9012-3456,jeongmirae29@himedia.co.kr,경기도 성남시 분당구 정자동 56-78,mirae029,2024-02-28,일반,준대형 세단,Grandeur (GN7 HEV),2024-04-22,52410000,카드,2,오프라인,2022-01,4
정미선,1975-02-04,50,남,010-8901-2345,jeongmiseon18@himedia.co.kr,충청북도 청주시 상당구 낙실동 9-1,miseon018,2023-06-04,일반,준중형 suv,Tucson (NX4 PHEV),2023-07-08,39500000,카드,1,오프라인,2021-05,2
정상훈,1996-05-02,29,남,010-9012-3456,jeongsanghoon38@himedia.co.kr,경상북도 포항시 남구 대도동 19-2,sanghoon038,2023-08-17,일반,준대형 세단,Grandeur (GN7 HEV),2023-08-19,52410000,카드,1,오프라인,2022-01,2
정영철,1985-04-02,40,남,010-5678-9012,jeongyoungcheol25@himedia.co.kr,서울특별시 강남구 역삼동 123-45,youngcheol025,2024-04-08,일반,준대형 suv,Palisade (LX2),2024-05-16,59460000,카드,1,오프라인,2018-12,2
정은혜,2001-04-06,24,여,010-5678-8765,jeongeunhye100@himedia.co.kr,서울특별시 종로구 청운동 67-89,eunhye100,2024-08-13,일반,준중형 세단,Avante (CN7 N),2024-09-11,35170000,카드,1,오프라인,2020-05,2
정지우,1983-02-04,42,남,010-4567-8901,jeongjiwoo14@himedia.co.kr,경기도 수원시 영통구 원천동 12-34,jiwoo014,2024-07-20,일반,준중형 해치백,i30 (PD),2024-07-28,25560000,카드,1,오프라인,2017-03,2
정태수,1962-05-06,63,남,010-0123-4567,jeongtaesu10@himedia.co.kr,서울특별시 종로구 청운동 67-89,taesu010,2024-11-18,일반,준대형 세단,Grandeur (GN7 HEV),2024-12-25,52410000,카드,1,오프라인,2022-01,4
정하윤,1999-07-07,26,여,010-5678-9012,jeonghayun5@himedia.co.kr,충청남도 천안시 동남구 성성동 22-3,hayun005,2024-11-11,일반,준중형 해치백,i30 (PD),2024-11-18,25560000,카드,2,오프라인,2017-03,2
최강호,1992-04-05,33,남,010-7890-1234,choikangho17@himedia.co.kr,울산광역시 남구 달동 23-5,kangho017,2024-01-10,일반,준중형 해치백,IONIQ (AE EV),2024-01-16,44400000,카드,1,온라인,2016-01,2
최민우,1977-05-02,48,남,010-3456-7890,choiminwoo13@himedia.co.kr,경기도 성남시 분당구 정자동 56-78,minwoo013,2024-05-11,일반,준대형 suv,Palisade (LX2),2024-06-28,59460000,카드,1,오프라인,2018-12,2
최영호,1966-03-02,59,남,010-3456-7890,choiyeongho23@himedia.co.kr,경기도 성남시 분당구 정자동 56-78,yeongho023,2025-01-01,신규,준중형 세단,Avante (CN7 N),2025-01-11,35170000,카드,1,오프라인,2020-05,4
최지훈,1978-09-05,47,남,010-4567-8901,choijihun4@himedia.co.kr,충청남도 천안시 동남구 성성동 22-3,jihun004,2023-03-28,일반,준중형 해치백,i30 (PD),2023-04-25,25560000,카드,1,오프라인,2017-03,2
한서희,1975-03-05,50,여,010-1234-5678,kimhana11@himedia.co.kr,서울특별시 종로구 청운동 67-89,hana011,2024-05-18,일반,준중형 해치백,IONIQ (AE EV),2024-06-02,44400000,카드,1,오프라인,2016-01,4
한예빈,1997-08-01,28,여,010-6789-0123,parksoyeong16@himedia.co.kr,충청북도 청주시 상당구 낙실동 9-1,soyeong016,2024-06-28,일반, 중형 suv,Santa-Fe ™,2024-07-08,34920000,카드,1,오프라인,2018-01,2
홍상훈,1994-12-01,31,남,010-0123-4567,hongsanghoon30@himedia.co.kr,부산광역시 해운대구 우동 101-12,sanghoon030,2024-02-03,일반,준중형 해치백,i30 (PD),2024-02-22,25560000,카드,1,오프라인,2017-03,2
홍성우,1999-06-02,26,남,010-1234-5678,honggildong21@himedia.co.kr,울산광역시 남구 달동 23-5,gildong021,2023-08-18,일반,준대형 suv,Palisade (LX2),2023-09-30,59460000,카드,2,온라인,2018-12,2
홍수진,1970-03-09,55,남,010-0123-4567,hongsujin39@himedia.co.kr,인천광역시 남동구 구월동 88-10,sujin039,2023-03-03,일반,준대형 세단,Grandeur (GN7 HEV),2023-03-03,52410000,카드,1,오프라인,2022-01,2
홍지민,1980-11-10,45,남,010-9012-3456,hongjimin9@himedia.co.kr,경상북도 포항시 남구 대도동 19-2,jimin009,2024-07-07,일반,준대형 세단,Grandeur (GN7 HEV),2024-07-08,52410000,카드,1,온라인,2022-01,2
김하윤,1960-03-12,65,남,054-555-6645,sunoggim@cagim.kr,부산광역시 해운대구 우동 101-12,seonyeongmun,2024-09-26,일반,준대형 세단,Avante (CN7 N),2023-05-04,82080000,카드,2,오프라인,2020-05,5
이지원,1959-11-17,66,여,032-566-6729,lju@nate.com,경기도 수원시 영통구 원천동 12-34,gimgyeongja,2022-03-22,일반,중형 suv,Santa-Fe ™,2024-07-04,72110000,카드,1,온라인,2018-01,4
박미영,1980-11-09,45,남,041-065-8495,eungyeonggim@hanmail.net,충청남도 천안시 동남구 성성동 22-3,gyun,2024-05-09,일반,대형 suv,G80 (RG3),2024-01-07,38660000,카드,1,온라인,2020-03,2
이정수,1996-12-13,29,남,052-162-4161,rcoe@daum.net,울산광역시 남구 달동 23-5,namsumin,2023-05-25,이탈가능,준중형 세단,Santa-Fe ™,2024-07-04,37700000,현금,5,온라인,2018-01,3
최현지,1994-06-26,31,남,070-0392-0424,yeweon24@ju.kr,대구광역시 수성구 범어동 55-3,jihungim,2022-07-22,일반,준대형 세단,Avante (CN7 N),2023-05-22,79860000,카드,1,오프라인,2020-05,5
김도현,1987-01-09,38,남,032-127-1765,jeongsig00@jusighoesa.com,경상북도 포항시 남구 대도동 19-2,sumin33,2024-09-27,일반,준중형 세단,NEXO (FE),2023-06-17,49930000,현금,4,오프라인,2018-01,3
송성민,1976-01-24,49,여,041-012-7092,gangeunji@yuhanhoesa.net,경기도 성남시 분당구 정자동 56-78,bagogsun,2022-11-05,vip,대형 suv,NEXO (FE),2023-08-27,54910000,현금,4,온라인,2018-01,1
김민지,1998-01-27,27,남,041-688-2563,ki@live.com,경상북도 포항시 남구 대도동 19-2,jia18,2024-09-22,신규,대형 suv,Avante (CN7 N),2023-09-19,53760000,현금,2,오프라인,2020-05,3
이성현,1974-04-23,51,남,054-902-5788,minjunhan@jusighoesa.com,울산광역시 남구 달동 23-5,lgang,2023-02-04,vip,중형 suv,G70 (IK),2023-05-22,57450000,현금,1,온라인,2017-09,5
박주원,1956-02-25,69,남,02-1448-5380,ugim@munio.net,인천광역시 남동구 구월동 88-10,coehyeonji,2023-12-19,신규,픽업트럭,Santa-Fe ™,2024-11-28,75020000,현금,5,오프라인,2018-01,0
김민석,1980-04-09,45,여,031-673-1720,lgim@yuhanhoesa.net,경기도 수원시 영통구 원천동 12-34,hongjiweon,2023-02-20,vip,대형 suv,Santa-Fe ™,2024-06-03,68050000,현금,2,오프라인,2018-01,5
조영순,1980-12-19,45,여,032-871-9659,jaeho07@yu.com,울산광역시 남구 달동 23-5,jihyeon92,2023-02-22,일반,중형 suv,Santa-Fe ™,2025-02-13,89190000,현금,2,오프라인,2018-01,5
김옥자,1967-03-24,58,여,010-0631-9882,jeongsu99@yuhanhoesa.com,대전광역시 유성구 봉명동 44-2,yunseosong,2022-12-03,이탈가능,중형 suv,Avante (CN7 N),2023-04-05,88480000,카드,1,온라인,2020-05,5
정지영,1977-11-10,48,여,055-306-7917,gyeonghyi68@isongseo.kr,전라북도 전주시 완산구 덕진동 33-7,ni,2024-12-16,신규,준중형 세단,NEXO (FE),2024-04-17,65090000,현금,2,온라인,2018-01,5
최성호,1962-07-02,63,남,044-677-0796,seojuncoe@oyun.com,대구광역시 수성구 범어동 55-3,junyeongcoe,2022-12-19,이탈가능,픽업트럭,Santa-Fe ™,2025-02-13,76580000,카드,5,온라인,2018-01,0
서은정,2005-03-04,20,여,032-170-6440,ugim@daum.net,서울특별시 종로구 청운동 67-89,seoyeon90,2024-07-07,신규,소형 해치백,G70 (IK),2024-08-31,57120000,현금,5,온라인,2017-09,3
구도현,1985-06-07,40,남,054-487-5794,sanghyeon16@ju.com,대전광역시 유성구 봉명동 44-2,jihyeon11,2024-08-28,vip,준대형 세단,G80 (RG3),2023-12-11,60270000,현금,2,온라인,2020-03,5
안민수,1965-07-21,60,남,064-759-4881,yeonghyi48@yu.kr,충청남도 천안시 동남구 성성동 22-3,pi,2024-08-24,일반,소형 해치백,NEXO (FE),2023-06-07,43120000,현금,1,오프라인,2018-01,4
남예진,1972-09-24,53,남,042-496-3606,sanghun79@hanmail.net,대구광역시 수성구 범어동 55-3,whan,2024-08-14,일반,준대형 세단,Avante (CN7 N),2024-04-16,77400000,현금,1,오프라인,2020-05,5
엄재현,1999-03-22,26,남,052-154-1236,gangjunhyeog@gmail.com,충청남도 천안시 동남구 성성동 22-3,jidonghyeon,2024-02-04,신규,준중형 세단,NEXO (FE),2024-02-11,67120000,현금,1,온라인,2018-01,3
서미정,1961-05-05,64,여,041-966-9178,jeongsug39@bagjang.net,대구광역시 수성구 범어동 55-3,seunghyeongim,2023-07-28,이탈가능,소형 해치백,G70 (IK),2023-04-15,50710000,현금,3,오프라인,2017-09,1
김상훈,1954-03-13,71,남,063-532-6061,ogsunmun@nate.com,충청남도 천안시 동남구 성성동 22-3,lgim,2024-11-04,일반,준대형 세단,G70 (IK),2024-12-19,87880000,현금,4,오프라인,2017-09,0
김정수,2002-09-24,23,여,041-960-0393,rbag@yuhanhoesa.com,전라북도 전주시 완산구 덕진동 33-7,minjaegim,2025-01-08,신규,대형 suv,Avante (CN7 N),2024-06-26,79830000,현금,4,오프라인,2020-05,3
김미경,1984-07-29,41,남,033-638-1854,jugwangsu@jusighoesa.net,경기도 수원시 영통구 원천동 12-34,seohyeon32,2023-07-07,이탈가능,준대형 세단,G70 (IK),2023-05-15,79370000,카드,2,오프라인,2017-09,5
김은영,1978-02-13,47,여,053-885-4603,egang@icoe.com,충청북도 청주시 상당구 낙실동 9-1,sangceolcoe,2023-06-22,신규,대형 suv,G80 (RG3),2023-12-09,40770000,현금,3,온라인,2020-03,1
진아름,2001-04-12,24,여,011-666-3726,bgang@yuhanhoesa.kr,부산광역시 해운대구 우동 101-12,ai,2023-10-27,vip,대형 suv,G70 (IK),2024-10-12,60710000,현금,4,오프라인,2017-09,3
손병철,1975-06-29,50,남,054-059-8995,ogim@yu.com,서울특별시 종로구 청운동 67-89,seonghun39,2025-01-25,신규,준대형 세단,NEXO (FE),2024-09-02,37420000,현금,2,온라인,2018-01,2
윤경희,1973-09-17,52,남,062-112-1913,hyeonugim@yuhanhoesa.com,경상남도 창원시 의창구 봉곡동 48-6,yejungang,2022-12-11,신규,중형 suv,G70 (IK),2023-07-20,71520000,현금,5,오프라인,2017-09,0
이정자,2004-03-16,21,여,010-2415-1251,hgim@daum.net,충청남도 천안시 동남구 성성동 22-3,myeongsug84,2024-02-01,이탈가능,중형 suv,Avante (CN7 N),2023-08-26,34130000,현금,5,온라인,2020-05,3
김현준,1957-10-24,68,남,011-345-1098,rgim@dreamwiz.com,대구광역시 수성구 범어동 55-3,jihye30,2022-05-10,신규,대형 suv,Santa-Fe ™,2023-09-16,76700000,현금,4,오프라인,2018-01,0
최채원,1958-05-01,67,남,053-541-6149,caeweon12@live.com,경상북도 포항시 남구 대도동 19-2,jhan,2024-01-03,vip,준중형 세단,G80 (RG3),2024-06-07,57710000,카드,3,오프라인,2020-03,4
최정호,1987-04-06,38,남,053-194-7742,ei@yu.com,부산광역시 해운대구 우동 101-12,jeonghoi,2024-09-28,이탈가능,대형 suv,Santa-Fe ™,2023-09-30,89020000,현금,3,오프라인,2018-01,5
김지훈,1975-08-30,50,남,064-784-0790,ieunjeong@yu.com,전라북도 전주시 완산구 덕진동 33-7,mjo,2022-11-16,신규,중형 suv,Santa-Fe ™,2023-03-18,89450000,현금,1,온라인,2018-01,5
장정식,1985-04-07,40,남,018-721-5422,gimjunhyeog@live.com,경기도 수원시 영통구 원천동 12-34,hyeonsug93,2022-12-06,일반,픽업트럭,Avante (CN7 N),2023-07-07,66280000,카드,5,온라인,2020-05,0
심성호,1970-01-26,55,여,043-888-0413,pgim@igim.kr,대전광역시 유성구 봉명동 44-2,yujin12,2022-03-27,신규,중형 suv,NEXO (FE),2023-12-19,33070000,카드,3,오프라인,2018-01,1
안경수,1977-01-22,48,남,042-672-7261,seonghyeongim@gmail.com,대구광역시 수성구 범어동 55-3,jeonghyibag,2022-10-10,이탈가능,준대형 세단,NEXO (FE),2024-01-08,49550000,현금,2,온라인,2018-01,5
황민재,1963-02-13,62,남,052-048-5499,jgim@nate.com,전라남도 목포시 부주동 77-8,yeongsuni,2022-11-16,이탈가능,픽업트럭,Avante (CN7 N),2024-08-07,36020000,카드,3,오프라인,2020-05,4
김혜진,1997-04-15,28,남,044-287-6402,sonmijeong@yu.kr,서울특별시 종로구 청운동 67-89,eunji78,2023-11-17,일반,준중형 세단,G80 (RG3),2025-01-03,64440000,카드,1,오프라인,2020-03,2
김서준,1954-06-08,71,남,055-795-0081,mundonghyeon@gimseongi.kr,경상남도 창원시 의창구 봉곡동 48-6,seungminjang,2022-10-27,이탈가능,준대형 세단,G80 (RG3),2024-09-18,43750000,카드,2,온라인,2020-03,4
강서영,1994-01-04,31,여,044-329-6982,songyeongja@dreamwiz.com,서울특별시 종로구 청운동 67-89,caeweon92,2024-07-06,이탈가능,준대형 세단,NEXO (FE),2024-04-04,79430000,현금,2,오프라인,2018-01,5
김지원,1958-06-02,67,남,018-428-7425,minjun91@live.com,광주광역시 서구 치평동 14-7,qcoe,2023-10-09,일반,소형 해치백,G70 (IK),2023-10-12,47210000,현금,5,온라인,2017-09,1
구영자,1972-06-26,53,여,051-551-0008,lhan@hanmail.net,서울특별시 강남구 역삼동 123-45,jeongho77,2022-12-10,이탈가능,대형 suv,Santa-Fe ™,2023-11-29,85590000,카드,5,온라인,2018-01,0
장숙자,1977-04-04,48,여,016-846-1892,sanghyeon29@hanmail.net,울산광역시 남구 달동 23-5,jieuncoe,2024-03-22,vip,픽업트럭,G70 (IK),2024-09-20,71210000,카드,2,온라인,2017-09,4
최순자,1976-06-08,49,남,064-717-6890,seunghyeon10@janggim.com,광주광역시 서구 치평동 14-7,ryuseonghyeon,2022-06-04,일반,중형 suv,G80 (RG3),2025-02-08,89790000,현금,2,오프라인,2020-03,5
류정숙,1985-12-18,40,여,055-654-3324,anjunho@yu.kr,부산광역시 해운대구 우동 101-12,dohyeonhwang,2023-01-10,vip,소형 해치백,G80 (RG3),2024-11-03,83120000,카드,2,오프라인,2020-03,5
김영진,1982-09-08,43,남,031-093-8682,ogjacoe@dreamwiz.com,충청북도 청주시 상당구 낙실동 9-1,jungsu25,2025-02-18,vip,픽업트럭,G80 (RG3),2024-11-28,81900000,현금,5,온라인,2020-03,0
박옥자,1997-09-02,28,남,016-697-3319,ryujihyeon@coei.org,광주광역시 서구 치평동 14-7,donghyeonhwang,2025-02-17,vip,중형 suv,Santa-Fe ™,2023-07-13,62020000,카드,4,온라인,2018-01,3
윤경숙,1997-06-02,28,여,070-9968-9396,geonu77@jusighoesa.com,광주광역시 서구 치평동 14-7,kgim,2024-03-03,신규,픽업트럭,G80 (RG3),2023-07-07,79780000,카드,4,오프라인,2020-03,3
김지영,1971-03-05,54,남,070-5521-1003,seojeonghun@igimyang.net,울산광역시 남구 달동 23-5,anyeonggil,2024-03-21,일반,소형 해치백,NEXO (FE),2025-02-21,79430000,현금,3,오프라인,2018-01,5
이상현,1956-02-23,69,여,043-363-4302,gimminjun@nate.com,서울특별시 종로구 청운동 67-89,haeun00,2023-02-25,일반,준대형 세단,Santa-Fe ™,2025-02-23,30270000,현금,3,오프라인,2018-01,1
김하은,1986-02-12,39,남,031-783-9984,anjeongnam@nate.com,부산광역시 해운대구 우동 101-12,yeongjagim,2023-09-17,이탈가능,준대형 세단,Avante (CN7 N),2024-08-14,32780000,현금,5,오프라인,2020-05,1
류건우,1963-11-23,62,여,051-143-0807,donghyeon65@dreamwiz.com,충청북도 청주시 상당구 낙실동 9-1,haeun06,2022-09-06,vip,중형 suv,Santa-Fe ™,2023-12-27,49320000,카드,2,오프라인,2018-01,4
손지영,2000-03-31,25,남,031-694-4782,baegyeongsu@dreamwiz.com,인천광역시 남동구 구월동 88-10,yangyeongja,2022-04-15,이탈가능,중형 suv,G80 (RG3),2024-11-05,76660000,카드,4,온라인,2020-03,3
김경희,1983-12-18,42,남,061-628-9942,jiyeonggim@nate.com,경기도 성남시 분당구 정자동 56-78,xbag,2024-12-02,이탈가능,준대형 세단,G70 (IK),2024-07-01,85860000,현금,2,오프라인,2017-09,5
김유진,1988-04-18,37,남,063-444-8995,sugjagim@igimmun.kr,인천광역시 남동구 구월동 88-10,jihyeonbag,2023-08-18,이탈가능,소형 해치백,Avante (CN7 N),2024-01-23,88130000,카드,5,오프라인,2020-05,0
장현정,1975-03-27,50,여,055-283-5058,iseonghyeon@yu.kr,경기도 수원시 영통구 원천동 12-34,jungsuyun,2022-11-02,vip,준대형 세단,Santa-Fe ™,2023-10-01,79770000,카드,2,온라인,2018-01,5
서정순,1984-05-24,41,남,064-716-4155,dgweon@yuhanhoesa.com,광주광역시 서구 치평동 14-7,ygim,2023-09-15,신규,중형 suv,G80 (RG3),2025-02-05,74040000,현금,1,온라인,2020-03,5
차상호,1999-11-25,26,남,052-638-2768,jaehogim@hotmail.com,경상북도 포항시 남구 대도동 19-2,pgim,2022-11-08,일반,준중형 세단,Santa-Fe ™,2024-11-04,54940000,카드,2,오프라인,2018-01,2
안주원,1987-11-12,38,여,043-665-7829,seungminjang@hotmail.com,충청남도 천안시 동남구 성성동 22-3,sonyeongceol,2022-10-12,일반,중형 suv,NEXO (FE),2024-01-16,72840000,현금,2,온라인,2018-01,5
이현숙,1977-06-26,48,남,010-9540-2153,jgim@yuhanhoesa.kr,광주광역시 서구 치평동 14-7,anjeonghun,2022-03-25,일반,중형 suv,G80 (RG3),2023-06-18,57850000,현금,1,온라인,2020-03,5
윤예원,1987-05-31,38,남,052-148-8058,eunyeong01@yu.org,울산광역시 남구 달동 23-5,eunyeong65,2023-10-23,신규,픽업트럭,NEXO (FE),2023-08-16,57310000,카드,2,오프라인,2018-01,2
이영진,1981-08-17,44,남,054-053-6661,ihyeonsug@daum.net,대구광역시 수성구 범어동 55-3,bi,2023-08-17,신규,준대형 세단,Avante (CN7 N),2024-11-30,45700000,현금,4,온라인,2020-05,1
김정훈,1991-07-10,34,남,044-714-4098,gyeonghyi99@yuo.com,경상남도 창원시 의창구 봉곡동 48-6,ijeongsu,2022-05-13,vip,준중형 세단,Santa-Fe ™,2024-12-05,41850000,카드,2,온라인,2018-01,2
김은주,1994-04-30,31,여,042-804-5898,yeongsucoe@yu.org,대전광역시 유성구 봉명동 44-2,gimjeonghun,2023-10-31,일반,중형 suv,G70 (IK),2024-11-18,87840000,현금,1,오프라인,2017-09,5
곽건우,1980-02-20,45,남,019-873-3751,gimdoyun@gimgo.org,부산광역시 해운대구 우동 101-12,sugjagim,2023-10-19,일반,준중형 세단,Avante (CN7 N),2024-08-31,84100000,현금,3,오프라인,2020-05,5
이순자,1989-05-27,36,여,042-425-7384,juweoncoe@hotmail.com,경상북도 포항시 남구 대도동 19-2,yeji21,2023-07-27,일반,대형 suv,NEXO (FE),2023-04-27,82050000,카드,5,온라인,2018-01,0
안민재,1969-11-21,56,여,063-424-5125,sgim@hanmail.net,경기도 수원시 영통구 원천동 12-34,seohyeon66,2022-06-05,이탈가능,중형 suv,G70 (IK),2023-08-19,60860000,카드,5,온라인,2017-09,0
김지현,1966-09-01,59,여,016-549-4266,vgang@gangbag.com,대전광역시 유성구 봉명동 44-2,cgweon,2023-07-01,vip,중형 suv,Santa-Fe ™,2023-05-29,71220000,현금,4,온라인,2018-01,0
최현준,1966-11-27,59,남,044-230-1731,yi@gimgim.org,대구광역시 수성구 범어동 55-3,gimsanghyeon,2024-09-02,이탈가능,준대형 세단,G70 (IK),2024-03-21,33690000,현금,4,오프라인,2017-09,1
권동현,1981-02-16,44,여,063-626-9842,hi@hwanggim.kr,울산광역시 남구 달동 23-5,jiagim,2024-03-09,신규,픽업트럭,NEXO (FE),2025-01-31,37190000,현금,4,온라인,2018-01,1
심정희,1996-12-16,29,남,041-847-2351,gimmiyeong@live.com,인천광역시 남동구 구월동 88-10,junseou,2022-09-10,신규,픽업트럭,G70 (IK),2024-12-06,36260000,현금,5,온라인,2017-09,3
김순옥,1999-04-19,26,여,018-072-6912,qi@jusighoesa.com,서울특별시 강남구 역삼동 123-45,jongsu53,2024-10-22,vip,소형 해치백,Santa-Fe ™,2023-04-22,55710000,카드,2,오프라인,2018-01,3
이영순,1980-03-19,45,여,018-988-8211,seoyeon50@yu.com,대전광역시 유성구 봉명동 44-2,hyeonju64,2023-03-28,일반,소형 해치백,G70 (IK),2023-04-22,59060000,현금,1,온라인,2017-09,5
우미영,1975-12-16,50,여,018-545-3522,ei@jusighoesa.kr,울산광역시 남구 달동 23-5,sangceolhan,2023-10-09,vip,픽업트럭,G70 (IK),2024-12-11,37480000,현금,5,온라인,2017-09,1
김정식,1974-12-16,51,여,051-779-1002,bi@sonjin.net,부산광역시 해운대구 우동 101-12,hyejin16,2023-10-20,신규,픽업트럭,NEXO (FE),2023-09-28,39150000,카드,4,온라인,2018-01,1
이시우,2000-09-21,25,남,061-364-6763,ibaeg@jusighoesa.kr,경상남도 창원시 의창구 봉곡동 48-6,songjeongja,2023-11-15,이탈가능,중형 suv,Avante (CN7 N),2023-12-04,77130000,현금,1,오프라인,2020-05,5
이서영,1964-02-21,61,남,02-2998-7447,jeongho43@live.com,울산광역시 남구 달동 23-5,mijeong80,2023-08-28,일반,준대형 세단,Santa-Fe ™,2024-08-09,56480000,현금,5,오프라인,2018-01,1
김준서,1956-12-27,69,여,053-054-4830,hwangjeongsu@live.com,경기도 수원시 영통구 원천동 12-34,yeonghyi20,2023-04-21,신규,픽업트럭,Santa-Fe ™,2024-07-02,80170000,현금,4,온라인,2018-01,0
김현준,1966-12-07,59,남,031-524-7998,aan@naver.com,서울특별시 강남구 역삼동 123-45,miyeongbag,2023-10-09,신규,픽업트럭,Avante (CN7 N),2023-04-28,66410000,현금,1,온라인,2020-05,5
박숙자,1975-12-10,50,여,043-103-1064,bagjeongja@dreamwiz.com,경상남도 창원시 의창구 봉곡동 48-6,eunseogim,2023-08-21,신규,픽업트럭,Santa-Fe ™,2024-10-15,57200000,카드,5,온라인,2018-01,0
백준서,1970-11-29,55,여,070-7561-0121,seonyeong40@hotmail.com,대구광역시 수성구 범어동 55-3,gimyeongho,2023-09-13,일반,준중형 세단,NEXO (FE),2024-01-30,67180000,현금,2,오프라인,2018-01,5
한성훈,1975-06-05,50,남,061-401-7797,ngim@hotmail.com,대전광역시 유성구 봉명동 44-2,qyun,2022-04-21,신규,소형 해치백,Santa-Fe ™,2025-03-06,41600000,현금,5,오프라인,2018-01,1
이예원,1999-06-12,26,남,010-8572-3457,minseog64@ju.net,광주광역시 서구 치평동 14-7,ghwang,2023-11-07,신규,픽업트럭,G70 (IK),2024-10-14,30670000,현금,5,온라인,2017-09,3
최서현,1968-06-11,57,남,043-079-6245,yeongsun54@baemungim.com,부산광역시 해운대구 우동 101-12,gyeongjabae,2023-05-07,신규,픽업트럭,Santa-Fe ™,2023-08-09,70970000,현금,3,온라인,2018-01,0
박옥자,2002-12-16,23,여,011-710-3793,minseog78@yu.com,서울특별시 강남구 역삼동 123-45,iseonyeong,2023-11-04,이탈가능,대형 suv,Santa-Fe ™,2025-02-16,64360000,현금,4,온라인,2018-01,3
김은서,1985-12-09,40,여,051-902-6026,bi@jusighoesa.com,경상북도 포항시 남구 대도동 19-2,gimjuweon,2023-11-27,이탈가능,준대형 세단,NEXO (FE),2025-01-10,36230000,현금,5,온라인,2018-01,1
이순옥,1964-09-11,61,여,018-247-9858,baghyeonju@isongwag.com,서울특별시 강남구 역삼동 123-45,sunogi,2024-07-07,일반,대형 suv,Santa-Fe ™,2023-04-25,73410000,현금,2,오프라인,2018-01,5
이도윤,1960-12-31,65,남,062-301-2884,yeongjin28@gimsongo.com,대구광역시 수성구 범어동 55-3,sgweon,2022-08-17,일반,소형 해치백,Avante (CN7 N),2023-08-23,73150000,카드,5,오프라인,2020-05,0
서건우,1999-09-27,26,남,063-080-0548,fbag@nate.com,인천광역시 남동구 구월동 88-10,lcoe,2023-06-12,신규,준대형 세단,G70 (IK),2023-08-02,62270000,현금,3,온라인,2017-09,3
김영일,1978-06-04,47,남,070-1858-1107,sunja23@ju.org,충청북도 청주시 상당구 낙실동 9-1,fo,2022-08-30,신규,소형 해치백,G80 (RG3),2024-07-06,37090000,현금,2,오프라인,2020-03,2
박도현,1983-06-25,42,여,016-960-4239,lgim@bagju.com,인천광역시 남동구 구월동 88-10,gimjuweon,2025-02-27,신규,중형 suv,NEXO (FE),2024-08-21,43760000,현금,4,오프라인,2018-01,1
황영순,1974-10-29,51,남,043-054-3941,seungminyun@ison.kr,인천광역시 남동구 구월동 88-10,wcoe,2023-06-10,일반,소형 해치백,Santa-Fe ™,2024-03-23,35610000,현금,2,오프라인,2018-01,2
안성민,1972-09-22,53,남,041-954-0034,yeonggil75@ganggim.org,충청북도 청주시 상당구 낙실동 9-1,haeunju,2022-10-01,일반,준중형 세단,NEXO (FE),2024-03-25,44550000,현금,4,오프라인,2018-01,1
이현준,1973-03-28,52,남,041-298-3351,jeongung91@live.com,대전광역시 유성구 봉명동 44-2,xi,2025-01-27,vip,대형 suv,Avante (CN7 N),2023-10-10,61350000,카드,5,온라인,2020-05,0
김예지,1958-10-02,67,남,061-569-2767,coeboram@nate.com,충청북도 청주시 상당구 낙실동 9-1,yeonghwan93,2023-06-29,이탈가능,준대형 세단,NEXO (FE),2023-06-02,69890000,현금,2,온라인,2018-01,5
이영길,1955-12-04,70,여,018-950-1292,hgim@naver.com,충청남도 천안시 동남구 성성동 22-3,wi,2023-12-24,vip,소형 해치백,G70 (IK),2023-11-12,30220000,현금,1,오프라인,2017-09,4
이준호,1996-10-26,29,여,064-776-5924,sangceolgim@jusighoesa.com,울산광역시 남구 달동 23-5,miyeonggim,2024-03-08,신규,대형 suv,NEXO (FE),2023-11-30,57580000,현금,3,오프라인,2018-01,3
한성수,1959-04-25,66,여,062-160-6151,wyun@iim.net,경상남도 창원시 의창구 봉곡동 48-6,li,2022-07-16,이탈가능,준중형 세단,G80 (RG3),2023-06-08,62700000,카드,2,오프라인,2020-03,4
이명숙,1992-01-31,33,여,051-702-6616,songjaeho@gimi.com,인천광역시 남동구 구월동 88-10,jeonghyigim,2023-12-31,vip,준대형 세단,Avante (CN7 N),2023-09-23,68630000,현금,5,온라인,2020-05,3
김민석,2003-03-08,22,남,010-2372-0942,songjeonghyi@naver.com,충청북도 청주시 상당구 낙실동 9-1,gwangsuson,2022-10-08,신규,픽업트럭,NEXO (FE),2023-08-10,85970000,카드,3,온라인,2018-01,3
고수민,1996-02-24,29,남,053-176-4468,pi@ju.com,경상북도 포항시 남구 대도동 19-2,gimjihye,2024-08-05,일반,중형 suv,NEXO (FE),2024-09-17,63570000,현금,1,온라인,2018-01,2
서지훈,1969-07-24,56,남,055-054-3608,seosiu@hotmail.com,부산광역시 해운대구 우동 101-12,bagseongho,2022-07-19,일반,소형 해치백,Avante (CN7 N),2023-11-02,32550000,현금,3,오프라인,2020-05,1
김현우,1984-12-28,41,여,019-036-2316,hyeonju80@ju.kr,경기도 수원시 영통구 원천동 12-34,yheo,2024-12-16,vip,중형 suv,Avante (CN7 N),2024-09-27,38140000,카드,5,오프라인,2020-05,1
김영환,1957-03-08,68,여,044-214-8023,yeonghwani@dreamwiz.com,전라남도 목포시 부주동 77-8,sangceolhwang,2023-06-06,vip,픽업트럭,G70 (IK),2024-10-18,88650000,카드,5,오프라인,2017-09,0
이건우,1958-07-27,67,남,019-378-2527,minjungim@yuhanhoesa.com,전라북도 전주시 완산구 덕진동 33-7,xgim,2022-08-20,일반,소형 해치백,Avante (CN7 N),2024-04-22,47730000,카드,3,온라인,2020-05,4
진윤서,1988-01-21,37,남,055-909-9267,oseong@yu.com,경기도 수원시 영통구 원천동 12-34,gimseongho,2023-11-04,일반,준대형 세단,Avante (CN7 N),2023-12-28,88470000,카드,1,온라인,2020-05,5
이영자,1982-09-28,43,여,031-256-0870,baghaeun@naver.com,경기도 성남시 분당구 정자동 56-78,jia75,2023-01-16,vip,준대형 세단,G70 (IK),2024-01-29,83840000,현금,3,오프라인,2017-09,5
최명자,2000-11-20,25,남,054-894-5954,gimseonghun@gimno.com,광주광역시 서구 치평동 14-7,caeweon09,2024-06-28,vip,준대형 세단,NEXO (FE),2023-11-26,58930000,카드,1,온라인,2018-01,2
류민석,1971-03-27,54,남,070-0215-2884,minji83@live.com,울산광역시 남구 달동 23-5,gimjihyeon,2022-10-13,vip,준중형 세단,G70 (IK),2024-01-01,67480000,현금,5,오프라인,2017-09,0
성정자,1988-10-08,37,남,062-574-9396,yeeun88@dreamwiz.com,울산광역시 남구 달동 23-5,imigyeong,2024-11-16,신규,픽업트럭,Santa-Fe ™,2023-10-12,66300000,현금,4,온라인,2018-01,3
이영환,1998-04-21,27,남,044-955-3033,yeongceol30@jusighoesa.kr,충청북도 청주시 상당구 낙실동 9-1,idoyun,2023-08-24,신규,소형 해치백,Santa-Fe ™,2023-11-03,70510000,현금,1,온라인,2018-01,5
이준영,2002-11-12,23,여,054-106-6090,mhwang@hanmail.net,서울특별시 강남구 역삼동 123-45,baggyeongsug,2025-01-20,신규,준대형 세단,Santa-Fe ™,2024-09-20,67020000,현금,1,온라인,2018-01,3
김경자,1962-11-22,63,여,053-945-9083,gimogja@gimgimbag.org,서울특별시 종로구 청운동 67-89,gojihye,2023-01-14,이탈가능,준대형 세단,G70 (IK),2023-12-21,68300000,카드,4,온라인,2017-09,0
이혜진,1956-05-07,69,여,016-543-6491,ycoe@dreamwiz.com,광주광역시 서구 치평동 14-7,jiweonmin,2024-06-10,일반,픽업트럭,G70 (IK),2023-03-14,42060000,현금,5,온라인,2017-09,1
곽옥순,2001-04-07,24,여,02-4743-0405,yujini@hotmail.com,대전광역시 유성구 봉명동 44-2,jihyeyun,2023-01-01,일반,소형 해치백,Avante (CN7 N),2024-01-01,36550000,카드,3,오프라인,2020-05,2
김시우,1981-02-03,44,남,051-416-1404,bagjiu@daum.net,전라남도 목포시 부주동 77-8,jihugim,2023-08-07,신규,중형 suv,Santa-Fe ™,2025-01-20,84370000,현금,2,오프라인,2018-01,5
윤재호,1994-10-15,31,남,019-274-7240,pi@gimiheo.org,대구광역시 수성구 범어동 55-3,bagyeongsun,2022-06-15,일반,대형 suv,G80 (RG3),2023-10-13,54340000,현금,2,온라인,2020-03,2
강종수,1982-09-28,43,남,054-107-1543,seohyeonson@seoiha.com,대전광역시 유성구 봉명동 44-2,jihugim,2023-03-06,vip,준대형 세단,NEXO (FE),2024-07-26,39760000,카드,1,온라인,2018-01,2
성성수,1985-07-24,40,남,063-749-2202,yeonghwan20@gmail.com,충청북도 청주시 상당구 낙실동 9-1,mijeong41,2023-01-12,일반,준중형 세단,G80 (RG3),2023-12-15,48800000,현금,1,오프라인,2020-03,2
정지혜,1968-12-19,57,남,064-782-9705,junseo28@daum.net,경기도 성남시 분당구 정자동 56-78,ggang,2023-07-10,이탈가능,중형 suv,Avante (CN7 N),2024-07-21,79230000,현금,2,온라인,2020-05,5
손아름,1997-08-25,28,남,062-718-8934,ji@live.com,경상북도 포항시 남구 대도동 19-2,jinho57,2023-05-31,일반,대형 suv,NEXO (FE),2024-05-16,38860000,현금,3,온라인,2018-01,2
조성호,1985-05-11,40,여,061-222-9939,ygim@icoe.net,대구광역시 수성구 범어동 55-3,minjunheo,2023-10-06,일반,준중형 세단,Avante (CN7 N),2023-09-25,53910000,현금,3,온라인,2020-05,3
김수민,2000-07-04,25,남,042-448-2472,hhwang@gimi.kr,경기도 수원시 영통구 원천동 12-34,kgang,2022-03-13,신규,픽업트럭,G80 (RG3),2023-03-27,38900000,카드,1,온라인,2020-03,2
김민준,1958-09-02,67,남,043-165-6918,qyun@daum.net,전라남도 목포시 부주동 77-8,jihyegim,2024-01-12,이탈가능,대형 suv,NEXO (FE),2023-12-25,72930000,현금,1,오프라인,2018-01,5
이경숙,1997-01-22,28,여,063-318-8654,vseo@nate.com,충청남도 천안시 동남구 성성동 22-3,qcoe,2024-06-03,신규,준대형 세단,Avante (CN7 N),2023-10-20,55370000,현금,3,오프라인,2020-05,3
황도윤,1976-06-02,49,남,011-361-9602,sugja86@hanmail.net,서울특별시 종로구 청운동 67-89,yeonghyigim,2023-03-25,이탈가능,중형 suv,NEXO (FE),2023-11-29,65540000,현금,2,오프라인,2018-01,5
강영자,1956-03-06,69,여,043-795-5239,qyun@nate.com,충청북도 청주시 상당구 낙실동 9-1,lgim,2024-01-10,신규,준대형 세단,NEXO (FE),2025-01-31,46520000,현금,5,오프라인,2018-01,1
이지민,1989-10-30,36,여,032-829-9655,vgim@ju.net,경기도 성남시 분당구 정자동 56-78,imyeongsug,2022-07-27,신규,준대형 세단,G70 (IK),2024-01-19,77710000,현금,1,온라인,2017-09,5
남지연,1987-02-22,38,남,053-140-5696,minjae16@nate.com,경기도 수원시 영통구 원천동 12-34,hanyeongsig,2023-06-06,신규,준대형 세단,NEXO (FE),2023-04-22,51200000,현금,2,오프라인,2018-01,2
이은서,1963-10-11,62,남,033-818-4794,gwangsugang@daum.net,서울특별시 강남구 역삼동 123-45,jiahan,2022-08-12,신규,준중형 세단,G70 (IK),2024-11-11,79370000,현금,1,오프라인,2017-09,5
정예원,1971-07-20,54,여,044-883-9197,dgim@jigimryu.kr,경상북도 포항시 남구 대도동 19-2,sanghyeon96,2024-12-17,vip,소형 해치백,Avante (CN7 N),2023-10-08,68370000,현금,4,오프라인,2020-05,0
신성현,1968-07-06,57,남,052-691-4844,ahwang@jusighoesa.net,광주광역시 서구 치평동 14-7,jihugang,2023-05-06,vip,픽업트럭,NEXO (FE),2024-12-28,64060000,카드,5,오프라인,2018-01,0
민정호,1969-08-16,56,여,041-291-9081,seongsugim@naver.com,전라남도 목포시 부주동 77-8,sumini,2025-03-04,이탈가능,대형 suv,G70 (IK),2023-05-21,48970000,현금,5,오프라인,2017-09,1
박지원,1963-12-25,62,남,070-1378-2398,hayun60@live.com,경상남도 창원시 의창구 봉곡동 48-6,fseo,2024-08-25,일반,소형 해치백,G80 (RG3),2024-05-23,72510000,현금,4,오프라인,2020-03,0
김영자,1976-10-26,49,남,052-077-3080,jia19@yu.kr,전라남도 목포시 부주동 77-8,iyujin,2024-04-28,vip,대형 suv,NEXO (FE),2024-05-25,31010000,현금,4,오프라인,2018-01,1
이서윤,1966-01-01,59,여,032-094-1834,ji@daum.net,서울특별시 강남구 역삼동 123-45,jeongsugyang,2023-03-14,vip,대형 suv,G70 (IK),2023-10-12,35130000,현금,4,온라인,2017-09,1
송지은,1954-07-31,71,여,031-194-0436,pcoe@daum.net,부산광역시 해운대구 우동 101-12,sugja08,2023-07-07,이탈가능,준대형 세단,G70 (IK),2024-10-29,81810000,카드,4,온라인,2017-09,0
이서연,1989-03-12,36,남,054-402-5332,gimjimin@dreamwiz.com,부산광역시 해운대구 우동 101-12,hyejinseo,2024-02-04,일반,준대형 세단,NEXO (FE),2023-12-05,36540000,카드,3,온라인,2018-01,2
김성호,1985-06-25,40,여,016-385-1242,ygim@hanmail.net,대구광역시 수성구 범어동 55-3,jia98,2022-08-04,이탈가능,소형 해치백,Santa-Fe ™,2024-03-02,49740000,현금,5,오프라인,2018-01,1
홍정숙,1955-01-05,70,남,033-339-1865,minjae03@gmail.com,광주광역시 서구 치평동 14-7,jeongung32,2022-10-19,vip,소형 해치백,Santa-Fe ™,2024-04-25,89890000,카드,5,오프라인,2018-01,0
박혜진,1978-05-30,47,남,052-925-4265,idonghyeon@nate.com,서울특별시 종로구 청운동 67-89,sgim,2022-07-09,일반,중형 suv,G70 (IK),2023-12-11,72730000,카드,1,오프라인,2017-09,5
이정훈,1962-04-15,63,남,041-956-4884,wi@jangjono.org,경기도 수원시 영통구 원천동 12-34,gyeongjaeom,2023-09-10,이탈가능,대형 suv,Avante (CN7 N),2025-01-11,34880000,현금,2,오프라인,2020-05,4
이승현,1982-02-17,43,여,011-220-1097,sanghun90@yuhanhoesa.net,대전광역시 유성구 봉명동 44-2,yeongsig47,2024-08-01,vip,준중형 세단,Avante (CN7 N),2024-07-17,54290000,카드,4,오프라인,2020-05,1
박채원,1964-11-10,61,여,044-904-2678,qmun@nate.com,부산광역시 해운대구 우동 101-12,yejison,2022-11-07,이탈가능,대형 suv,Avante (CN7 N),2024-10-14,72600000,현금,1,온라인,2020-05,5
김중수,1971-02-07,54,여,032-688-4921,jangyeongsun@seoian.org,울산광역시 남구 달동 23-5,doyun38,2023-12-31,일반,준대형 세단,NEXO (FE),2024-02-20,73080000,현금,4,온라인,2018-01,0
김영호,1999-07-28,26,여,061-009-2153,ogim@yu.kr,인천광역시 남동구 구월동 88-10,gimjeongsug,2022-09-21,vip,준중형 세단,Santa-Fe ™,2024-07-25,75840000,카드,4,온라인,2018-01,3
심동현,1999-01-19,26,여,070-6615-9710,kcoe@gmail.com,서울특별시 강남구 역삼동 123-45,yejun41,2024-07-23,일반,대형 suv,G70 (IK),2024-07-16,76370000,현금,3,오프라인,2017-09,3
박민석,1957-08-08,68,남,053-382-8342,gohyeonji@live.com,충청남도 천안시 동남구 성성동 22-3,wi,2023-02-15,신규,준중형 세단,G80 (RG3),2024-05-18,59640000,현금,2,온라인,2020-03,4
김병철,1969-01-04,56,남,041-324-1120,vgang@jusighoesa.kr,서울특별시 종로구 청운동 67-89,seonghaeun,2023-12-08,이탈가능,준대형 세단,G70 (IK),2023-08-07,83300000,현금,2,온라인,2017-09,5
서영길,1972-04-13,53,여,043-531-1236,hi@dreamwiz.com,대구광역시 수성구 범어동 55-3,pgo,2023-02-11,일반,소형 해치백,G80 (RG3),2023-11-03,53260000,현금,5,온라인,2020-03,1
홍현숙,1959-10-02,66,남,043-342-4176,jangjunhyeog@dreamwiz.com,충청북도 청주시 상당구 낙실동 9-1,eunju52,2024-11-17,일반,픽업트럭,G80 (RG3),2024-10-16,89120000,현금,4,오프라인,2020-03,0
박아름,1956-10-06,69,남,051-791-2267,yejin22@gimcoe.org,전라남도 목포시 부주동 77-8,qryu,2022-07-16,vip,중형 suv,Santa-Fe ™,2023-12-28,48390000,카드,2,온라인,2018-01,4
김광수,1974-10-18,51,남,011-398-0609,yunogja@angim.com,대구광역시 수성구 범어동 55-3,zgim,2022-09-03,vip,중형 suv,NEXO (FE),2024-01-11,36880000,카드,3,온라인,2018-01,1
오민준,1988-05-29,37,남,064-731-2054,gimhyeonjeong@hwangbagryu.kr,울산광역시 남구 달동 23-5,yeonggil14,2024-08-13,이탈가능,소형 해치백,Santa-Fe ™,2025-02-28,89440000,현금,1,온라인,2018-01,5
김성현,1973-09-24,52,남,062-326-6677,gimseoyeong@yu.org,경기도 수원시 영통구 원천동 12-34,hayun28,2022-05-18,신규,중형 suv,G70 (IK),2025-03-05,73020000,현금,2,온라인,2017-09,5
김예진,1990-01-15,35,남,042-517-0040,ji@hotmail.com,광주광역시 서구 치평동 14-7,songjeonghyi,2024-03-17,vip,소형 해치백,Avante (CN7 N),2024-05-16,42530000,카드,1,온라인,2020-05,2
손준호,1986-03-05,39,남,070-0150-7134,xgim@yu.kr,인천광역시 남동구 구월동 88-10,gimeunyeong,2023-03-05,일반,소형 해치백,G80 (RG3),2025-02-17,68170000,현금,1,오프라인,2020-03,5
최현우,1962-03-29,63,남,063-354-7740,jihyeongim@jusighoesa.kr,인천광역시 남동구 구월동 88-10,bagyujin,2024-02-19,신규,소형 해치백,Santa-Fe ™,2024-10-07,63320000,현금,5,오프라인,2018-01,0
배재현,2001-12-02,24,여,054-708-1976,dbag@daum.net,경기도 수원시 영통구 원천동 12-34,hyeonju98,2024-02-29,일반,대형 suv,G70 (IK),2023-05-09,83360000,현금,5,온라인,2017-09,3
서지영,1964-07-21,61,여,044-741-1486,jihun48@ju.kr,충청남도 천안시 동남구 성성동 22-3,isujin,2023-03-16,vip,준중형 세단,G70 (IK),2023-10-08,38190000,현금,2,오프라인,2017-09,4
김진호,2002-06-04,23,여,018-315-1577,gimhyeonjun@gimgo.net,부산광역시 해운대구 우동 101-12,haeunjo,2022-12-16,신규,픽업트럭,Santa-Fe ™,2023-06-16,79000000,현금,1,온라인,2018-01,3
이영철,1981-07-10,44,여,031-224-5926,iyeongsun@yu.org,인천광역시 남동구 구월동 88-10,hgang,2023-05-23,일반,준중형 세단,G70 (IK),2023-03-20,45860000,현금,5,오프라인,2017-09,1
서지원,1973-05-11,52,여,051-659-0158,gohyeonu@yuhanhoesa.com,전라남도 목포시 부주동 77-8,munjungsu,2023-06-29,vip,대형 suv,G80 (RG3),2025-01-22,67010000,현금,5,오프라인,2020-03,0
조선영,1981-02-27,44,여,032-086-3570,gimeunseo@live.com,서울특별시 종로구 청운동 67-89,sanghyeongo,2024-08-10,vip,픽업트럭,G70 (IK),2024-11-21,61290000,현금,2,오프라인,2017-09,5
권영자,1968-01-07,57,여,017-445-8406,fi@yu.org,경기도 수원시 영통구 원천동 12-34,jaehyeon94,2024-04-20,이탈가능,소형 해치백,G80 (RG3),2024-07-18,83280000,현금,2,온라인,2020-03,5
정은지,1980-02-11,45,남,051-326-9405,ji@nate.com,충청북도 청주시 상당구 낙실동 9-1,igim,2023-07-18,이탈가능,준중형 세단,Santa-Fe ™,2025-01-16,43090000,카드,3,온라인,2018-01,2
이경희,1968-09-13,57,남,019-031-6622,doyun69@gweonhwangseo.kr,경상남도 창원시 의창구 봉곡동 48-6,ogjabag,2022-06-14,일반,소형 해치백,G70 (IK),2023-11-25,59280000,현금,3,오프라인,2017-09,1
문승민,1970-05-23,55,여,054-470-5932,seojungim@ii.net,전라북도 전주시 완산구 덕진동 33-7,hi,2025-01-10,신규,픽업트럭,Santa-Fe ™,2024-07-19,57930000,현금,4,오프라인,2018-01,1
서서윤,2002-06-10,23,여,032-125-4223,ogsun81@yuhanhoesa.net,광주광역시 서구 치평동 14-7,hyeonju95,2023-02-18,일반,준중형 세단,Avante (CN7 N),2024-02-12,53260000,현금,5,온라인,2020-05,3
지현우,1997-12-18,28,남,063-702-1782,cunja82@yuhanhoesa.com,대구광역시 수성구 범어동 55-3,ibyeongceol,2022-10-04,신규,소형 해치백,G70 (IK),2025-01-13,56610000,현금,3,오프라인,2017-09,3
김현주,1979-05-16,46,남,042-601-1611,sanghungweon@seoanbaeg.kr,전라북도 전주시 완산구 덕진동 33-7,haeungim,2024-11-14,신규,중형 suv,NEXO (FE),2023-08-25,53180000,카드,4,오프라인,2018-01,1
박성수,1996-12-02,29,남,019-068-2325,seonghuni@nate.com,부산광역시 해운대구 우동 101-12,gimyujin,2022-10-19,일반,소형 해치백,Santa-Fe ™,2024-12-09,43840000,현금,5,오프라인,2018-01,3
이진호,1998-07-17,27,여,02-8350-5965,eunjeong74@ihongbag.com,서울특별시 강남구 역삼동 123-45,gimsangceol,2022-12-15,신규,준중형 세단,G70 (IK),2023-07-06,65040000,현금,3,온라인,2017-09,3
김영순,1978-06-28,47,여,018-144-0592,yeweonyu@live.com,충청북도 청주시 상당구 낙실동 9-1,nha,2023-03-13,신규,대형 suv,NEXO (FE),2024-01-13,83610000,현금,2,오프라인,2018-01,5
류민수,1958-07-06,67,여,042-329-9343,vgim@hanji.org,충청북도 청주시 상당구 낙실동 9-1,ui,2022-10-26,신규,대형 suv,NEXO (FE),2023-08-04,39010000,현금,5,온라인,2018-01,1
장정훈,1996-01-21,29,남,018-700-2342,iujin@ju.com,광주광역시 서구 치평동 14-7,xgim,2023-10-21,이탈가능,소형 해치백,G80 (RG3),2024-01-24,84030000,현금,1,온라인,2020-03,5
정현지,1955-05-03,70,남,011-547-0199,jeongsu64@ju.kr,광주광역시 서구 치평동 14-7,hyeonsug49,2025-02-23,신규,준중형 세단,Avante (CN7 N),2024-10-10,84930000,현금,1,오프라인,2020-05,5
류영희,1973-07-04,52,여,054-653-1887,minjae88@gimi.org,경기도 성남시 분당구 정자동 56-78,fgim,2022-12-25,이탈가능,소형 해치백,G80 (RG3),2024-07-22,87610000,현금,2,오프라인,2020-03,5
김서현,1982-08-12,43,남,070-2225-9369,gimjunseo@jusighoesa.com,전라북도 전주시 완산구 덕진동 33-7,boramo,2023-10-08,일반,중형 suv,Avante (CN7 N),2024-01-06,35370000,카드,1,오프라인,2020-05,2
김상철,1974-04-23,51,남,042-041-3141,xgim@hanmail.net,인천광역시 남동구 구월동 88-10,yangseoyeong,2024-01-19,일반,준중형 세단,G70 (IK),2024-10-17,39170000,현금,3,온라인,2017-09,1
김동현,1992-03-13,33,남,070-5521-8455,gyeongsuggim@hanmail.net,서울특별시 종로구 청운동 67-89,pgim,2024-11-28,일반,준대형 세단,NEXO (FE),2023-08-04,42950000,현금,3,온라인,2018-01,2
안선영,1961-10-15,64,남,017-590-7839,haeunnam@naver.com,부산광역시 해운대구 우동 101-12,ii,2022-03-19,일반,픽업트럭,Avante (CN7 N),2024-01-21,32870000,현금,1,오프라인,2020-05,4
김명숙,2001-11-13,24,여,011-811-5410,gwangsucoe@jusighoesa.kr,경기도 수원시 영통구 원천동 12-34,vi,2022-08-03,이탈가능,소형 해치백,NEXO (FE),2025-02-10,62260000,카드,3,온라인,2018-01,3
이은정,1985-04-01,40,여,043-660-2321,yangseoyeong@daum.net,서울특별시 종로구 청운동 67-89,bagseungmin,2023-07-17,신규,준중형 세단,Santa-Fe ™,2024-06-21,88940000,현금,5,오프라인,2018-01,0
이지영,1978-03-06,47,여,042-966-5944,donghyeoni@jusighoesa.kr,전라북도 전주시 완산구 덕진동 33-7,yujingim,2023-12-20,vip,준대형 세단,G80 (RG3),2023-07-05,68400000,현금,1,온라인,2020-03,5
이진우,1969-10-25,56,여,032-874-1296,honggyeongsu@gmail.com,경기도 성남시 분당구 정자동 56-78,jojaeho,2023-08-20,vip,중형 suv,NEXO (FE),2024-03-29,45780000,현금,1,오프라인,2018-01,4
오서연,1995-07-07,30,여,032-366-4016,ojeonghun@yu.com,경기도 수원시 영통구 원천동 12-34,caeweon59,2022-10-24,일반,픽업트럭,Avante (CN7 N),2023-06-09,32920000,카드,1,온라인,2020-05,2
김정희,1997-10-12,28,여,019-311-5666,hanjeongung@ju.com,충청북도 청주시 상당구 낙실동 9-1,wi,2023-05-04,신규,준중형 세단,G70 (IK),2024-12-03,86690000,카드,3,온라인,2017-09,3
이지혜,2003-05-26,22,여,051-856-0687,ijinho@gmail.com,전라북도 전주시 완산구 덕진동 33-7,ecoe,2023-12-25,일반,픽업트럭,G70 (IK),2024-07-22,84800000,현금,3,온라인,2017-09,3
윤성훈,1955-06-23,70,여,052-366-0874,jjo@gmail.com,경기도 수원시 영통구 원천동 12-34,gimjeongsug,2023-06-26,일반,대형 suv,G80 (RG3),2023-03-25,83330000,현금,1,온라인,2020-03,5
김서연,1961-05-28,64,남,019-466-0745,yi@gmail.com,광주광역시 서구 치평동 14-7,dohyeonbae,2024-06-22,일반,준중형 세단,G70 (IK),2023-08-27,55580000,카드,5,오프라인,2017-09,0
손지후,1959-04-27,66,여,053-528-3443,qyun@hanmail.net,경기도 수원시 영통구 원천동 12-34,seongjinbae,2022-08-15,일반,소형 해치백,Avante (CN7 N),2025-02-10,54060000,현금,2,온라인,2020-05,4
전정수,2002-07-01,23,여,043-736-9120,yeongsuggim@live.com,경기도 성남시 분당구 정자동 56-78,byeongceol79,2025-03-07,이탈가능,중형 suv,NEXO (FE),2024-01-16,62760000,카드,2,오프라인,2018-01,3
구주원,1963-09-08,62,여,061-310-8327,gimyeeun@hanmail.net,충청북도 청주시 상당구 낙실동 9-1,lgweon,2024-02-27,신규,준대형 세단,G70 (IK),2024-12-26,67440000,현금,5,온라인,2017-09,0
박영호,1995-01-09,30,남,042-918-1515,seojun75@hotmail.com,경기도 수원시 영통구 원천동 12-34,gwangsu15,2024-04-20,일반,픽업트럭,NEXO (FE),2023-06-11,44780000,현금,4,오프라인,2018-01,3
박현정,1977-03-28,48,남,010-3801-5326,siusin@najeonggim.kr,서울특별시 종로구 청운동 67-89,jeongjaryu,2023-06-24,vip,소형 해치백,NEXO (FE),2024-07-21,46850000,현금,1,오프라인,2018-01,2
이유진,2001-09-01,24,여,055-054-3726,sangho57@yuhanhoesa.kr,울산광역시 남구 달동 23-5,doyungim,2024-08-09,신규,소형 해치백,Santa-Fe ™,2025-03-07,50720000,현금,5,오프라인,2018-01,3
한순옥,1967-09-01,58,여,053-765-5303,seongjin46@daum.net,경상북도 포항시 남구 대도동 19-2,migyeong21,2022-08-25,일반,대형 suv,Santa-Fe ™,2024-03-02,42510000,카드,4,오프라인,2018-01,1
이성수,1996-02-04,29,남,063-175-2716,minjinam@live.com,부산광역시 해운대구 우동 101-12,jiweon44,2023-10-08,일반,대형 suv,Avante (CN7 N),2025-02-01,36500000,현금,5,온라인,2020-05,3
박민수,1982-08-24,43,여,032-655-9227,xgim@nate.com,서울특별시 강남구 역삼동 123-45,gyeonghyi14,2024-10-11,이탈가능,소형 해치백,G80 (RG3),2024-02-09,88690000,현금,4,온라인,2020-03,0
노지훈,1974-10-12,51,여,061-910-6439,misug04@hotmail.com,경기도 성남시 분당구 정자동 56-78,sujin21,2023-03-30,vip,픽업트럭,NEXO (FE),2023-08-07,33070000,카드,3,오프라인,2018-01,1
권민서,1963-12-17,62,남,017-025-2354,gimjunseo@hanmail.net,울산광역시 남구 달동 23-5,dim,2022-12-06,일반,준대형 세단,G70 (IK),2025-01-01,84160000,현금,1,온라인,2017-09,5
최상철,1983-04-17,42,남,055-078-4271,gimeunjeong@dreamwiz.com,서울특별시 종로구 청운동 67-89,bagdoyun,2025-01-02,신규,준대형 세단,G70 (IK),2024-09-25,36850000,카드,3,온라인,2017-09,2
최중수,1986-12-26,39,여,041-417-0559,yi@yuhanhoesa.com,경기도 성남시 분당구 정자동 56-78,hyeonjun76,2024-10-02,신규,준대형 세단,Avante (CN7 N),2024-06-19,59410000,카드,1,오프라인,2020-05,2
임진우,1969-01-06,56,남,063-090-5344,hwangjeongho@ju.com,전라북도 전주시 완산구 덕진동 33-7,obag,2022-08-07,일반,중형 suv,G70 (IK),2025-02-08,46640000,현금,1,오프라인,2017-09,4
나선영,1975-07-01,50,여,033-680-3642,jiyeongim@jogim.com,충청북도 청주시 상당구 낙실동 9-1,songseoyun,2023-04-28,이탈가능,준중형 세단,Santa-Fe ™,2023-12-07,78930000,현금,1,온라인,2018-01,5
이정식,1959-05-12,66,여,052-926-0479,jiyeong90@hagim.com,경상남도 창원시 의창구 봉곡동 48-6,gimjeongsig,2023-04-09,이탈가능,소형 해치백,G80 (RG3),2024-12-15,63210000,카드,3,오프라인,2020-03,4
김정숙,1972-04-08,53,남,061-830-4047,jimingim@yuhanhoesa.net,서울특별시 강남구 역삼동 123-45,fgim,2022-04-30,vip,중형 suv,G80 (RG3),2024-11-24,86560000,현금,2,오프라인,2020-03,5
송수빈,1959-08-02,66,여,018-230-7846,caeweon00@yu.kr,경기도 수원시 영통구 원천동 12-34,sangceolgim,2024-09-04,vip,소형 해치백,Avante (CN7 N),2024-07-24,71030000,카드,2,온라인,2020-05,4
강승현,1986-05-25,39,남,055-686-9236,yujinjang@yungang.com,부산광역시 해운대구 우동 101-12,gimhyeonsug,2022-03-24,이탈가능,중형 suv,G70 (IK),2025-02-16,46720000,카드,4,온라인,2017-09,1
황준혁,1964-04-14,61,여,032-823-3485,gca@hanmail.net,광주광역시 서구 치평동 14-7,gbag,2024-04-04,이탈가능,준중형 세단,G70 (IK),2023-08-28,51540000,현금,2,오프라인,2017-09,4
장건우,1981-05-10,44,남,070-8106-6622,seungminno@nate.com,대전광역시 유성구 봉명동 44-2,jiweoni,2025-01-09,vip,중형 suv,NEXO (FE),2023-05-09,40970000,현금,4,오프라인,2018-01,1
김지은,1972-03-12,53,여,055-340-2117,sumin11@gimi.com,충청북도 청주시 상당구 낙실동 9-1,sanghunhwang,2022-10-30,신규,준중형 세단,G80 (RG3),2023-07-30,41620000,카드,3,온라인,2020-03,4
서춘자,1969-05-19,56,여,018-896-9405,fgim@dreamwiz.com,서울특별시 종로구 청운동 67-89,obag,2022-09-13,일반,대형 suv,G70 (IK),2023-04-23,33470000,카드,1,온라인,2017-09,4
윤병철,1966-05-04,59,여,042-205-5394,wyu@gmail.com,경기도 성남시 분당구 정자동 56-78,yeongceol55,2025-02-03,vip,중형 suv,G80 (RG3),2024-06-24,48350000,현금,1,온라인,2020-03,4
서서현,1983-10-08,42,여,019-905-9908,gimjihye@yu.kr,서울특별시 강남구 역삼동 123-45,nhwang,2025-03-11,vip,중형 suv,Santa-Fe ™,2025-02-26,38960000,현금,5,온라인,2018-01,1
오옥자,2002-07-29,23,여,032-529-6473,hanyeweon@daum.net,전라남도 목포시 부주동 77-8,hyeonjun11,2025-01-20,vip,대형 suv,Avante (CN7 N),2023-06-22,62910000,현금,1,온라인,2020-05,3
박건우,1990-12-09,35,남,062-698-5201,kgim@yu.org,전라남도 목포시 부주동 77-8,mgang,2023-02-16,vip,소형 해치백,Santa-Fe ™,2024-07-16,82580000,현금,5,오프라인,2018-01,0
허경수,1983-03-05,42,여,063-010-5636,hayungo@yuhanhoesa.com,경기도 성남시 분당구 정자동 56-78,gimsanghyeon,2023-04-02,이탈가능,준중형 세단,G80 (RG3),2023-08-08,72970000,현금,1,온라인,2020-03,5
박도윤,1966-01-12,59,여,031-878-5882,sujin49@yunigim.com,경기도 성남시 분당구 정자동 56-78,jeongsugang,2022-07-12,이탈가능,준중형 세단,Avante (CN7 N),2024-10-18,45780000,카드,5,온라인,2020-05,1
윤현지,1960-07-13,65,남,010-1347-0188,yeongja88@nate.com,서울특별시 종로구 청운동 67-89,xson,2023-05-04,일반,소형 해치백,NEXO (FE),2024-11-13,42150000,카드,5,온라인,2018-01,1
오승현,1984-11-30,41,여,017-025-3428,seoyeong20@nate.com,경기도 수원시 영통구 원천동 12-34,hyeonugang,2023-01-29,이탈가능,준중형 세단,G80 (RG3),2025-01-18,47850000,현금,2,오프라인,2020-03,4
권재호,1954-04-06,71,남,032-825-6328,sunja41@jusighoesa.com,전라남도 목포시 부주동 77-8,jeongyeji,2025-02-11,vip,픽업트럭,NEXO (FE),2024-12-23,80220000,카드,3,오프라인,2018-01,0
류경숙,1956-01-22,69,여,044-331-3217,ominjae@daum.net,경상남도 창원시 의창구 봉곡동 48-6,seoyun45,2023-07-28,신규,준대형 세단,G70 (IK),2024-09-09,39500000,현금,3,온라인,2017-09,1
노상훈,1958-03-21,67,남,043-859-3755,seoyuncoe@ju.com,부산광역시 해운대구 우동 101-12,xgim,2023-03-03,신규,소형 해치백,Avante (CN7 N),2024-03-15,32560000,현금,5,오프라인,2020-05,1
양지훈,2003-11-14,22,남,051-075-1587,jeongeunjeong@yu.com,경기도 수원시 영통구 원천동 12-34,mbag,2024-08-31,vip,중형 suv,G70 (IK),2024-04-10,73440000,카드,5,오프라인,2017-09,3
박지민,1975-10-13,50,남,054-964-0514,xi@gmail.com,전라북도 전주시 완산구 덕진동 33-7,jihun46,2022-06-28,일반,대형 suv,G80 (RG3),2024-11-09,37590000,카드,5,온라인,2020-03,1
박정훈,1985-07-18,40,여,016-296-2255,ujin05@ju.com,광주광역시 서구 치평동 14-7,gangyeongsig,2022-04-28,신규,중형 suv,NEXO (FE),2024-07-02,88110000,현금,5,온라인,2018-01,0
최영일,1977-05-21,48,여,064-720-8444,jihye76@daum.net,충청남도 천안시 동남구 성성동 22-3,bagjeonghun,2024-10-03,vip,소형 해치백,Avante (CN7 N),2024-01-22,35270000,현금,3,오프라인,2020-05,1
곽도윤,1955-03-14,70,여,062-521-4695,bagseojun@dreamwiz.com,경상북도 포항시 남구 대도동 19-2,ygo,2023-07-29,이탈가능,대형 suv,G80 (RG3),2023-04-18,58550000,현금,2,온라인,2020-03,4
양은주,1999-02-28,26,남,053-833-2005,cyun@hanmail.net,서울특별시 강남구 역삼동 123-45,rjang,2022-03-18,일반,준대형 세단,G80 (RG3),2023-07-19,30240000,현금,1,온라인,2020-03,2
김영식,1982-07-15,43,남,042-839-6549,dgim@bagbaggim.kr,광주광역시 서구 치평동 14-7,ihyeonji,2023-10-08,일반,소형 해치백,Santa-Fe ™,2024-01-07,63000000,현금,2,온라인,2018-01,5
장지현,1969-12-24,56,여,044-634-4611,donghyeon73@nate.com,경기도 성남시 분당구 정자동 56-78,byeongceoljang,2023-07-14,vip,픽업트럭,Santa-Fe ™,2024-10-25,39900000,현금,3,온라인,2018-01,1
김영숙,1962-01-28,63,여,041-558-6978,eungyeonghan@yuhanhoesa.com,서울특별시 종로구 청운동 67-89,jgim,2023-06-05,vip,준대형 세단,G70 (IK),2023-12-14,74130000,현금,2,오프라인,2017-09,5
홍영철,1964-12-10,61,여,017-267-0446,bagjihu@gimcoe.com,서울특별시 강남구 역삼동 123-45,gimseohyeon,2024-02-18,신규,중형 suv,G80 (RG3),2024-06-03,49970000,현금,5,온라인,2020-03,1
박상철,1997-01-18,28,여,055-438-8408,kji@naver.com,충청북도 청주시 상당구 낙실동 9-1,iyeongho,2024-05-26,이탈가능,대형 suv,G70 (IK),2024-01-19,36350000,카드,3,온라인,2017-09,3
이영희,1999-12-03,26,여,017-626-0398,obag@daum.net,인천광역시 남동구 구월동 88-10,minjaesin,2022-07-10,이탈가능,중형 suv,Santa-Fe ™,2023-12-27,75750000,현금,3,오프라인,2018-01,3
박영일,1990-06-02,35,여,018-747-7038,ogim@jusighoesa.com,경상북도 포항시 남구 대도동 19-2,sunja59,2023-05-08,일반,소형 해치백,G70 (IK),2024-04-12,71030000,현금,2,오프라인,2017-09,5
최유진,1975-01-29,50,남,010-8612-4722,jeongnami@dreamwiz.com,광주광역시 서구 치평동 14-7,nson,2024-08-29,이탈가능,대형 suv,G80 (RG3),2023-06-04,36960000,카드,4,온라인,2020-03,1
김지민,1961-02-06,64,여,011-053-0263,cson@ju.net,충청북도 청주시 상당구 낙실동 9-1,songseongjin,2025-01-11,vip,준대형 세단,G70 (IK),2023-03-13,56890000,현금,5,오프라인,2017-09,1
한옥순,1958-06-16,67,남,070-2258-4070,fbag@gmail.com,경상북도 포항시 남구 대도동 19-2,seoyun92,2022-03-31,신규,픽업트럭,Santa-Fe ™,2023-10-27,71090000,현금,4,온라인,2018-01,0
최옥순,1978-10-17,47,여,070-4742-4824,jeongungu@ju.com,대전광역시 유성구 봉명동 44-2,baeggyeongja,2023-08-13,vip,준중형 세단,Santa-Fe ™,2024-05-17,60370000,카드,2,온라인,2018-01,4
이예진,1973-06-05,52,남,031-240-3953,seojun19@daum.net,서울특별시 종로구 청운동 67-89,mjo,2022-07-13,이탈가능,중형 suv,NEXO (FE),2023-12-31,35430000,현금,4,온라인,2018-01,1
노예은,1981-06-21,44,남,019-021-0653,jieunbag@gmail.com,광주광역시 서구 치평동 14-7,kgim,2023-06-20,이탈가능,중형 suv,G80 (RG3),2024-01-31,40290000,현금,1,오프라인,2020-03,2
최영길,1984-05-27,41,남,053-283-1629,jaeho60@ju.com,대구광역시 수성구 범어동 55-3,yeongsigi,2022-05-11,일반,대형 suv,Santa-Fe ™,2024-06-05,77340000,현금,4,온라인,2018-01,0
신시우,1958-07-11,67,여,042-207-6955,gyeonghyi78@gmail.com,전라북도 전주시 완산구 덕진동 33-7,jihungim,2023-03-06,신규,준중형 세단,G80 (RG3),2024-12-20,86770000,카드,2,온라인,2020-03,4
최춘자,1976-06-27,49,여,031-170-7739,hancunja@yu.kr,충청남도 천안시 동남구 성성동 22-3,jinho50,2024-08-26,신규,준대형 세단,Avante (CN7 N),2023-08-24,69510000,현금,3,오프라인,2020-05,5
차서준,1968-01-22,57,여,064-741-3740,qgim@simryujo.com,경상남도 창원시 의창구 봉곡동 48-6,jihun41,2023-01-02,vip,준대형 세단,NEXO (FE),2024-01-12,39890000,현금,2,온라인,2018-01,4
안정희,1984-01-10,41,남,051-406-1803,donghyeonbae@joyunson.com,대구광역시 수성구 범어동 55-3,yeongil47,2023-04-08,신규,소형 해치백,G80 (RG3),2024-01-30,44530000,현금,2,온라인,2020-03,2
최민수,1960-06-24,65,여,041-028-3477,ihyejin@jusighoesa.kr,전라남도 목포시 부주동 77-8,gyeongsugson,2022-11-08,vip,대형 suv,G80 (RG3),2024-06-28,43950000,현금,5,오프라인,2020-03,1
김예슬,2005-03-17,20,여,010-3595-0953,marurun@naver.com,경기 성남시 중원구 하대원동,marurun,2025-03-17,VIP,중형 세단,G70 (IK),2025-03-17,52551260,카드,3,온라인,2017-09,3
김예슬,2005-03-17,20,여,010-3595-0953,marurun@naver.com,경기 성남시 중원구 하대원동,marurun,2025-03-17,신규,중형 세단,G70 (IK),2025-03-17,52551260,카드,3,온라인,2017-09,3
김예슬,2005-03-17,20,여,010-3595-0953,marurun@naver.com,경기 성남시 중원구 하대원동,marurun,2025-03-17,신규,중형 세단,G70 (IK),2025-03-17,52551260,카드,3,온라인,2017-09,3
김예슬,2005-03-17,20,여,010-3595-0953,marurun@naver.com,경기 성남시 중원구 하대원동,marurun,2025-03-17,신규,준중형 세단,G70 (IK),2025-03-17,0,카드,0,온라인,2017-09,2
김예슬,2005-03-17,20,여,010-3595-0953,marurun@naver.com,경기 성남시 중원구 하대원동,marurun,2025-03-17,신규,준중형 세단,G70 (IK),2025-03-17,0,카드,0,온라인,2017-09,2
김예슬,2005-03-17,20,여,010-3595-0953,marurun@naver.com,경기 성남시 중원구 하대원동,marurun,2025-03-17,신규,준중형 세단,G70 (IK),2025-03-17,0,카드,0,온라인,2017-09,2
김예슬,2005-03-17,20,여,010-3595-0953,marurun@naver.com,경기 성남시 중원구 하대원동,marurun,2025-03-17,신규,준중형 세단,G70 (IK),2025-03-17,0,카드,0,온라인,2017-09,2
김예슬,2005-03-17,20,여,010-3595-0953,marurun@naver.com,경기 성남시 중원구 하대원동,marurun,2025-03-17,신규,준중형 세단,G70 (IK),2025-03-17,0,카드,0,온라인,2017-09,2
김예슬,2005-03-17,20,여,010-3595-0953,marurun@naver.com,경기 성남시 중원구 하대원동,223,2025-03-17,신규,준중형 세단,G70 (IK),2025-03-17,56789000,카드,2,온라인,2017-09,3
김예슬,2005-03-17,20,여,010-3595-0953,marurun@naver.com,경기 성남시 중원구 하대원동,223,2025-03-17,신규,준중형 세단,G70 (IK),2025-03-17,56789000,카드,2,온라인,2017-09,3
